[
  {
    "file": "تمديد ضمان البنك الأهلي - B285869.docx",
    "company": "شركة حبال العربي للمقاولات"
  },
  {
    "file": "تمديد ضمان البنك الأهلي - B306241.docx",
    "company": "شركة آل سالم لتكييف الهواء"
  },
  {
    "file": "تمديد ضمان البنك الأهلي - C213900.docx",
    "company": "شركة الغاز والتصنيع الأهليه"
  },
  {
    "file": "تمديد ضمان البنك الأهلي -B280825.docx",
    "company": "شركة سمير للتجارة والتسويق"
  },
  {
    "file": "تمديد ضمان البنك الأهلي -B304536.docx",
    "company": "شركة آل سالم لتكييف الهواء"
  },
  {
    "file": "تمديد ضمان البنك الأهلي -B307613.docx",
    "company": "شركة البراهين للاستشارات الهندسية"
  },
  {
    "file": "تمديد ضمان البنك الأهلي -C221085.docx",
    "company": "شركة عبد الرحمن القصيبي للتجارة العامة"
  },
  {
    "file": "تمديد ضمان البنك الأول - PEBGCU440073.docx",
    "company": "شركة ميدترونيك العربية السعودية"
  },
  {
    "file": "تمديد ضمان البنك السعودي الفرنسي - 000845A.docx",
    "company": "شركة فيض التقنية للتجارة"
  },
  {
    "file": "تمديد ضمان البنك السعودي الفرنسي - 094364G.docx",
    "company": "شركة جيل الإدارة الحديثة للتجارة"
  },
  {
    "file": "تمديد ضمان البنك السعودي الفرنسي - 128476R.docx",
    "company": "شركة تقنية المياة والبيئة المحدودة"
  },
  {
    "file": "تمديد ضمان البنك السعودي الفرنسي - R130378.docx",
    "company": "شركة ثبات للإنشاءات المحدودة"
  },
  {
    "file": "تمديد ضمان البنك السعودي للاستثمار - ILGSA020467.docx",
    "company": "شركة سمير للتجارة والتسويق"
  },
  {
    "file": "تمديد ضمان البنك العربي الوطني - OG-CC053435.docx",
    "company": "مؤسسة بيئة الإبداع للمقاولات"
  },
  {
    "file": "تمديد ضمان البنك العربي الوطني - OG-EE055409.docx",
    "company": "شركة التميمي للخدمات والصيانة العالمية"
  },
  {
    "file": "تمديد ضمان البنك العربي الوطني - OGWW032459.docx",
    "company": "شركة بعد للاتصالات السلكية واللاسلكية"
  },
  {
    "file": "تمديد ضمان بنك البحرين الوطني - 190070LTGAP.docx",
    "company": "شركة مجموعة المرشد القابضة"
  },
  {
    "file": "تمديد ضمان بنك الرياض - DLG6452950.docx",
    "company": "شركة الكحيمي للأنظمة الالكترونية المتقدمة"
  },
  {
    "file": "تمديد ضمان بنك الرياض - JLG6300855.docx",
    "company": "شركة فاروق ومأمون تمر وشركاهما"
  },
  {
    "file": "تمديد ضمان بنك الرياض - JLG6703680.docx",
    "company": "شركة عطية للمعدات الطبية"
  },
  {
    "file": "تمديد ضمان بنك الرياض - JLG6801465.docx",
    "company": "شركة سنا الهندسة للطاقة"
  },
  {
    "file": "تمديد ضمان بنك الرياض - RLG6458513.docx",
    "company": "شركة اليخت للتسويق"
  },
  {
    "file": "تمديد ضمان بنك الرياض - RLG6712767.docx",
    "company": "شركة بيت الرياض الجريسي"
  },
  {
    "file": "تمديد ضمان بنك الرياض - RLG6810503.docx",
    "company": "شركة أفراس للتجارة والمقاولات بالتضامن مع شركة سياخ الوطن للخدمات الأمنية"
  },
  {
    "file": "تمديد ضمان بنك الرياض - RLG6812927.docx",
    "company": "شركة فيرون المحدودة"
  },
  {
    "file": "تمديد ضمان بنك ستاندرد تشارترد - 517020007436-XF.docx",
    "company": "شركة الأنظمة التقدمية السعودية"
  },
  {
    "file": "نموذج تمديد ضمان بنك بي ان بي باريبا - 04762IGS2300200.docx",
    "company": "شركة سمنس للرعاية الصحية المحدودة"
  },
  {
    "file": "تمديد ضمان البنك العربي الوطني - OG-CC054591.docx",
    "company": "شركة دار الزهراوي للأجهزة الطبية"
  },
  {
    "file": "تمديد ضمان البنك العربي الوطني - OG-EE060643.docx",
    "company": "شركة سما ماسا التجارية"
  },
  {
    "file": "تمديد ضمان بنك الرياض - DLG6803418.docx",
    "company": "شركة قبس الطاقة المحدودة"
  },
  {
    "file": "نموذج تمديد ضمان بنك بي ان بي باريبا - 04762IGS2402350.docx",
    "company": "بوسطن كونسلتينغ جروب انترناشيونال انك،"
  },
  {
    "file": "الإفراج عن ضمان البنك السعودي الاول - PEBGCU400708.docx",
    "company": "الشركة العربية للأثاث والتصميم المحدودة، وذلك لانتهاء الغرض منه."
  },
  {
    "file": "الإفراج عن ضمان البنك السعودي للاستثمار - ILGSA023842.docx",
    "company": "شركة عبد الرحمن القصيبي للتجارة العامة، وذلك لانتهاء الغرض منه."
  },
  {
    "file": "الإفراج عن ضمان بنك الجزيرة - LGI-0917-23-9367.docx",
    "company": "شركة شبكات الإنجاز للإلكترونيات، وذلك لانتهاء الغرض منه."
  },
  {
    "file": "الإفراج عن ضمان مصرف الإنماء - MD2309600031.docx",
    "company": "مؤسسة مدار القوس للتطوير والتقنية، وذلك لانتهاء الغرض منه."
  },
  {
    "file": "الإفراج عن ضمان مصرف الإنماء - MD4359655532.docx",
    "company": "مؤسسة مدار القوس للتطوير والتقنية، وذلك لانتهاء الغرض منه."
  },
  {
    "file": "الإفراج عن ضمان البنك الأهلي - B280789.docx",
    "company": "شركة سمير للتجارة والتسويق، وذلك لإنتهاء الغرض منه."
  },
  {
    "file": "الإفراج عن ضمان البنك الفرنسي - 071739K.docx",
    "company": "شركة روعة الافاق للتجارة، وذلك لإنتهاء الغرض منه."
  },
  {
    "file": "الإفراج عن ضمان بنك الرياض - RLG6704363.docx",
    "company": "شركة هيف حسين القحطاني للمقاولات، وذلك لإنتهاء الغرض منه."
  },
  {
    "file": "الافراج عن ضمان البنك السعودي الأول - AAPGCU427587.docx",
    "company": "شركة جيل الإدارة الحديثة، وذلك لإنتهاء الغرض منه."
  },
  {
    "file": "الافراج عن ضمان البنك السعودي الأول - PEBGCU438798.docx",
    "company": "شركة كوني أريكو المحدودة، وذلك لإنتهاء الغرض منه."
  },
  {
    "file": "تمديد ضمان البنك الأهلي -B316456.docx",
    "company": "شركة روابط المصادرللتجارة"
  },
  {
    "file": "تمديد ضمان البنك الأهلي -C210343.docx",
    "company": "الشركة العربية لخدمات الإنترنت والإتصالات"
  },
  {
    "file": "تمديد ضمان البنك الأهلي -C215356.docx",
    "company": "شركة التوريدات والخدمات الطبية المحدودة"
  },
  {
    "file": "تمديد ضمان البنك الأهلي -C225024.docx",
    "company": "شركة بروتيفيتي ممبر فيرم السعودية"
  },
  {
    "file": "تمديد ضمان البنك السعودي الفرنسي - R110579.docx",
    "company": "الشركة السعودية المتطورة لخدمات الكلى المحدودة"
  },
  {
    "file": "تمديد ضمان البنك السعودي الفرنسي - ا002416.docx",
    "company": "شركة فرحان التجارية المحدودة"
  },
  {
    "file": "تمديد ضمان البنك السعودي الفرنسي - ج090543.docx",
    "company": "شركة الأمين للتجهيزات الطبية والعلمية"
  },
  {
    "file": "تمديد ضمان البنك السعودي الفرنسي - ج094233.docx",
    "company": "شركة الميمنة للمقاولات"
  },
  {
    "file": "تمديد ضمان البنك السعودي الفرنسي - خ090102.docx",
    "company": "شركة جيل الإدارة الحديثة للتجارة"
  },
  {
    "file": "تمديد ضمان البنك السعودي الفرنسي - خ094135.docx",
    "company": "شركة رضا للاستثمار المحدودة"
  },
  {
    "file": "تمديد ضمان البنك السعودي الفرنسي - ر131639.docx",
    "company": "شركة هدانيا للتجارة والمقاولات"
  },
  {
    "file": "تمديد ضمان البنك السعودي الفرنسي - ك077584.docx",
    "company": "شركة روعة الآفاق للتجارة"
  },
  {
    "file": "تمديد ضمان بنك البلاد - LG2304600003.docx",
    "company": "شركة النظائر المشعة التجارية"
  },
  {
    "file": "تمديد ضمان بنك البلاد - MD2412299007.docx",
    "company": "شركة بعد للإتصالات السلكية والاسلكية المحدودة"
  },
  {
    "file": "تمديد ضمان بنك الرياض - JLG6700422.docx",
    "company": "شركة النظرة المستقبلية للتجارة"
  },
  {
    "file": "تمديد ضمان بنك الرياض - RLG6510712.docx",
    "company": "شركة جمال عبدالفتاح الجارودي للمقاولات"
  },
  {
    "file": "تمديد ضمان بنك الرياض - RLG6615560.docx",
    "company": "الشركه العربيه لتصنيع المنتجات الطبيه"
  },
  {
    "file": "تمديد ضمان بنك الرياض - RLG6712510.docx",
    "company": "شركة جيل الثمانينات للدعاية والإعلان"
  },
  {
    "file": "تمديد ضمان بنك الرياض - RLG6806231.docx",
    "company": "شركة صروح المدن للمقاولات العامة"
  },
  {
    "file": "نموذج تمديد ضمان مصرف الراجحي - 220GTE48801436.docx",
    "company": "شركة لانا الطبيه"
  },
  {
    "file": "نموذج تمديد ضمان مصرف الراجحي - 23OGTE48803516.docx",
    "company": "شركة الرعاية الممتازة الطبيه"
  },
  {
    "file": "تمديد ضمان البنك الأهلي -B307568.docx",
    "company": "شركة مكتب الكمال للاستيراد المحدودة"
  },
  {
    "file": "تمديد ضمان البنك الأهلي -B308458.docx",
    "company": "شركة أجيد الطبية شركة شخص واحد"
  },
  {
    "file": "تمديد ضمان البنك الأهلي -C222875.docx",
    "company": "شركة الصالحية التجارية"
  },
  {
    "file": "تمديد ضمان البنك الأهلي -C227843.docx",
    "company": "شركة الصالحية التجارية"
  },
  {
    "file": "تمديد ضمان البنك الأهلي -C228722.docx",
    "company": "شركة كومل"
  },
  {
    "file": "تمديد ضمان البنك الأول - APNGCU435016.docx",
    "company": "الشركة الدولية لأغذية الأطفال"
  },
  {
    "file": "تمديد ضمان البنك الأول - PEBGCU437020.docx",
    "company": "شركة الأمين للتجهيزات الطبية والعلمية"
  },
  {
    "file": "تمديد ضمان البنك العربي الوطني - OG-CC053525.docx",
    "company": "شركة دار الزهراوي للتجهيزات الطبيه"
  },
  {
    "file": "تمديد ضمان بنك الامارات دبي الوطني - ENSAOG24000161.docx",
    "company": "شركة الأمين للتجهيزات الطبية والعلمية"
  },
  {
    "file": "تمديد ضمان بنك الرياض - DLG6801213.docx",
    "company": "شركة التحاليل الشاملة للخدمات الطبية"
  },
  {
    "file": "تمديد ضمان بنك الرياض - RLG6705753.docx",
    "company": "شركة الجيل الطبية والتجارية المحدودة"
  },
  {
    "file": "نموذج تمديد ضمان مصرف الراجحي - 24OGTE49200095.docx",
    "company": "شركة عبدالله فؤاد للوازم والخدمات الطبية"
  },
  {
    "file": "تمديد ضمان البنك الأهلي -B309306.docx",
    "company": "شركة عبدالله فؤاد للوازم والخدمات الطبية"
  },
  {
    "file": "تمديد ضمان البنك الأهلي -C225891.docx",
    "company": "شركة عبدالرحمن القصيبي للتجارة العامة"
  },
  {
    "file": "تمديد ضمان البنك الأهلي -C231139.docx",
    "company": "الشركة العربية للوازم الطبية"
  },
  {
    "file": "تمديد ضمان البنك الأول - APNCBG506843.docx",
    "company": "مؤسسة روابي الطبيعية الطبية"
  },
  {
    "file": "تمديد ضمان البنك الأول - APNGCU505407.docx",
    "company": "شركة أحمد محمد عبدالوهاب ناغي وأولاده"
  },
  {
    "file": "تمديد ضمان البنك البريطاني - PEBGCU417224.docx",
    "company": "شركة داياجنوستيك العربية السعودية للتجارة"
  },
  {
    "file": "تمديد ضمان البنك السعودي الفرنسي - 128474R.docx",
    "company": "شركة عبدالرحمن القصيبي للتجارة العامة"
  },
  {
    "file": "تمديد ضمان البنك السعودي الفرنسي - R130188.docx",
    "company": "Advanced Laboratory Services Company"
  },
  {
    "file": "تمديد ضمان البنك السعودي الفرنسي - خ094255.docx",
    "company": "شركة فاروق ومأمون تمر وشركاهما"
  },
  {
    "file": "تمديد ضمان البنك العربي الوطني - OG-CC053778.docx",
    "company": "مؤسسة البيت العربي للتجارة"
  },
  {
    "file": "تمديد ضمان البنك العربي الوطني - OG-CC053868.docx",
    "company": "شركة لوازم الدولية الطبية"
  },
  {
    "file": "تمديد ضمان البنك العربي الوطني - OG-CC055699.docx",
    "company": "شركة لوازم الدولية الطبية"
  },
  {
    "file": "تمديد ضمان البنك العربي الوطني - OG-CC060141.docx",
    "company": "الفيصلية للانظمة الطبية"
  },
  {
    "file": "تمديد ضمان بنك الخليج الدولي - LGO-363254-23RYD.docx",
    "company": "شركة الجيلالطبية والتجارية المحدودة"
  },
  {
    "file": "تمديد ضمان بنك الرياض - RLG6705769.docx",
    "company": "مستودع رواد العالم للإدوية"
  },
  {
    "file": "تمديد ضمان جي بي مورغان تشيز بنك - ESARYS001115.docx",
    "company": "شركة بوستن ساينتفك الخليجية للتجارة"
  },
  {
    "file": "الإفراج عن ضمان البنك الأهلي - B296909.docx",
    "company": "شركة ار اس ام المحاسبون المتحدون للاستشارات المهنية، وذلك لإنتهاء الغرض منه."
  },
  {
    "file": "الإفراج عن ضمان بنك البلاد - LG2232600009.docx",
    "company": null
  },
  {
    "file": "تمديد ضمان البنك الأهلي -M105405.docx",
    "company": "مؤسسة اسناد للحراسات الأمنية"
  },
  {
    "file": "تمديد ضمان البنك السعودي للاستثمار - ILGSA021528.docx",
    "company": "شركة عطية للمعدات الطبية"
  },
  {
    "file": "تمديد ضمان البنك السعودي للاستثمار - ILGSA024974.docx",
    "company": "مؤسسة اختيار الطب"
  },
  {
    "file": "تمديد ضمان البنك السعودي للاستثمار - ILGSA030165.docx",
    "company": "شركة مياه لتقنية المياه والبيئة"
  },
  {
    "file": "تمديد ضمان البنك العربي الوطني - OG-EE041295.docx",
    "company": "شركة سما ماسا التجارية"
  },
  {
    "file": "تمديد ضمان بنك البلاد - LG2235300014.docx",
    "company": "شركة منتدى البناء للمقاولات"
  },
  {
    "file": "تمديد ضمان بنك الرياض - RLG6704121.docx",
    "company": "شركة مجموعة زيد الحسين واخوانه للمقاولات"
  },
  {
    "file": "تمديد ضمان البنك السعودي الفرنسي - 130078R.docx",
    "company": "شركة هدانيا للتجارة والمقاولات"
  },
  {
    "file": "تمديد ضمان بنك البلاد - MD2416499003.docx",
    "company": "شركة بعد للاتصالات السلكية واللاسلكية المحدودة"
  },
  {
    "file": "نموذج تمديد ضمان مصرف الراجحي - 24OGTE48801961.docx",
    "company": "شركة العرض المتقن للخدمات التجارية"
  },
  {
    "file": "الإفراج عن ضمان بنك الرياض - DLG6452950.docx",
    "company": "شركة المشورة الصافية التجارية، وذلك لإنتهاء الغرض منه."
  },
  {
    "file": "تمديد ضمان البنك الأهلي -C222020.docx",
    "company": "الشركة السعودية العالمية للتجارة المحدودة ستكو فارما"
  },
  {
    "file": "تمديد ضمان البنك الأهلي -C225806.docx",
    "company": "شركة عبدالرحمن القصيبي للتجارة العامة"
  },
  {
    "file": "تمديد ضمان البنك الأهلي -C226859.docx",
    "company": "شركة التوريدات والخدمات الطبية المحدودة"
  },
  {
    "file": "تمديد ضمان البنك الأول - PEBGCU504185.docx",
    "company": "شركة ميدترونيك العربية السعودية"
  },
  {
    "file": "تمديد ضمان البنك السعودي الفرنسي - ج094389.docx",
    "company": "مؤسسات سقالة التجارية"
  },
  {
    "file": "تمديد ضمان البنك السعودي الفرنسي - ر126902.docx",
    "company": "شركة لوازم الدولية الطبية"
  },
  {
    "file": "تمديد ضمان البنك العربي الوطني - OG-CC052783.docx",
    "company": "شركة ريم الوسط للتجارة"
  },
  {
    "file": "تمديد ضمان البنك العربي الوطني - OG-CP053207.docx",
    "company": "شركة اطياف الطب"
  },
  {
    "file": "تمديد ضمان البنك العربي الوطني - OG-WW051644.docx",
    "company": "شركة الورق الصحي المحدودة"
  },
  {
    "file": "تمديد ضمان بنك الرياض - JLG6705358.docx",
    "company": "شركة فاروق وملأمون تمر وشركاهما"
  },
  {
    "file": "تمديد ضمان بنك الكويت الوطني - NBKSA23B002885.docx",
    "company": "شركة الجيل الطبية والتجارية"
  },
  {
    "file": "تمديد ضمان مصرف الإنماء - MD2330600017.docx",
    "company": "شركة حصن الإمارات التجارية"
  },
  {
    "file": "خطاب تمديد ضمان دويتشة بنك - 507BGG2400193.docx",
    "company": "شركة دراجر العربية المحدودة"
  },
  {
    "file": "تمديد ضمان البنك الأهلي - B307558.docx",
    "company": "شركة مكتب الكمال للاستيراد المحدودة"
  },
  {
    "file": "تمديد ضمان البنك الأهلي - B307569.docx",
    "company": "شركة مكتب الكمال للاستيراد المحدودة"
  },
  {
    "file": "تمديد ضمان البنك الأول - PEBGCU508958.docx",
    "company": "شركة فيلبس العربية السعودية للرعاية الصحية"
  },
  {
    "file": "تمديد ضمان البنك السعودي للاستثمار - ILGSA028308.docx",
    "company": "شركة مصنع جمجوم للصناعات الطبية المحدودة"
  },
  {
    "file": "تمديد ضمان بنك الامارات دبي الوطني - ENSAOG24000173.docx",
    "company": "شركة الأمين للتجهيزات الطبية والعلمية"
  },
  {
    "file": "تمديد ضمان بنك الرياض - JLG6705358.docx",
    "company": "شركة جنات العرب"
  },
  {
    "file": "الإفراج عن ضمان بنك البلاد - MD2502700011.docx",
    "company": "مؤسسة رصان للتجارة، وذلك لإنتهاء الغرض منه."
  },
  {
    "file": "الإفراج عن ضمان مصرف الانماء - D2502700011.docx",
    "company": "مؤسسة رصان للتجارة، وذلك لإنتهاء الغرض منه."
  },
  {
    "file": "تمديد ضمان البنك الأهلي -M098011.docx",
    "company": "شركة شركة برومديك السعودية"
  },
  {
    "file": "تمديد ضمان البنك الأول - APGGCU552526.docx",
    "company": "شركة كوني أريكو المحدودة"
  },
  {
    "file": "تمديد ضمان البنك البريطاني - 1007064607.docx",
    "company": "شركة الصالحية التجارية"
  },
  {
    "file": "تمديد ضمان البنك السعودي الفرنسي - 093700J.docx",
    "company": "شركة جيل التجارة الحديثة للتجارة"
  },
  {
    "file": "تمديد ضمان البنك السعودي الفرنسي - 094339J.docx",
    "company": "شركة الخليج الطبية المحدودة"
  },
  {
    "file": "تمديد ضمان البنك السعودي الفرنسي - 094456J.docx",
    "company": "شركة الخليج الطبية المحدودة"
  },
  {
    "file": "تمديد ضمان البنك السعودي الفرنسي - 119960R.docx",
    "company": "شركة دار المعدات الطبية والعلمية"
  },
  {
    "file": "تمديد ضمان البنك السعودي الفرنسي - 120911R.docx",
    "company": "شركة الهدا للمقاولات المحدودة"
  },
  {
    "file": "تمديد ضمان البنك السعودي الفرنسي - 122650R.docx",
    "company": "شركة المعمر لأنظمة المعلومات"
  },
  {
    "file": "تمديد ضمان البنك العربي الوطني - OG-CC049151.docx",
    "company": "شركة الهدا للمقاولات المحدودة"
  },
  {
    "file": "تمديد ضمان البنك العربي الوطني - OG-CC053031.docx",
    "company": "شركة الفيصلية للأنظمة الطبية"
  },
  {
    "file": "تمديد ضمان البنك العربي الوطني - OG-CC055750.docx",
    "company": "شركة الجيل الطبية والتجارية المحدودة"
  },
  {
    "file": "تمديد ضمان البنك العربي الوطني - OG-CC058496.docx",
    "company": "شركة الفيصلية للأنظمة الطبية"
  },
  {
    "file": "تمديد ضمان البنك العربي الوطني - OG-CC058549.docx",
    "company": "شركة الفيصلية للأنظمة الطبية"
  },
  {
    "file": "تمديد ضمان البنك العربي الوطني - OG-EE055081.docx",
    "company": "(AHMED YAHYA AL-YAMI TRADING EST)"
  },
  {
    "file": "تمديد ضمان البنك العربي الوطني - OG-EE061792.docx",
    "company": "(Gulf Execution Company Ltd)"
  },
  {
    "file": "تمديد ضمان البنك العربي الوطني - OG-IC045862.docx",
    "company": "شركة (SCHINDLER OLAYAN ELEVATOR CO. LTD)"
  },
  {
    "file": "تمديد ضمان البنك العربي الوطني - OGCC021386.docx",
    "company": "شركة الجيل الطبية والتجارية"
  },
  {
    "file": "تمديد ضمان بنك البلاد - LG2217900003.docx",
    "company": "شركة توريدات الخليج للأنظمة الاحيائية"
  },
  {
    "file": "تمديد ضمان بنك البلاد - MD2415899004.docx",
    "company": "شركة بعد للاتصالات السلكية واللاسلكية المحدودة"
  },
  {
    "file": "تمديد ضمان بنك الرياض - JLG6702108.docx",
    "company": "شركة زهير فايز ومشاركوه للاستشارات"
  },
  {
    "file": "تمديد ضمان بنك الرياض - RLG6802975.docx",
    "company": "شركة كراكر للمقاولات"
  },
  {
    "file": "تمديد ضمان بنك الرياض - RLG6900005.docx",
    "company": "شركة عصر التقنية الطبية"
  },
  {
    "file": "تمديد ضمان مصرف الإنماء - MD2331000044.docx",
    "company": "شركة خبراء القيمة وشريكة للتقييم العقاري"
  },
  {
    "file": "تمديد ضمان مصرف الإنماء - MD2502700011.docx",
    "company": "مؤسسة رصان للتجارة"
  },
  {
    "file": "نموذج تمديد ضمان مصرف الراجحي - 23OGTE48802243.docx",
    "company": "شركة لانا الطبية ذات مسؤولية محدودة"
  },
  {
    "file": "نموذج تمديد ضمان مصرف الراجحي - 24OGTE48809285.docx",
    "company": "شركة الدار الدولية للاستشارات الهندسية"
  },
  {
    "file": "الإفراج عن ضمان البنك السعودي للاستثمار - ILGSA023842.docx",
    "company": "شركة الجراحة المتقدمة للمستلزمات الطبية، وذلك لانتهاء الغرض منه."
  },
  {
    "file": "تمديد ضمان البنك الأهلي -B305301.docx",
    "company": "شركة مصنع جمجوم للصناعات الطبية المحدودة"
  },
  {
    "file": "تمديد ضمان البنك الأهلي -B307472.docx",
    "company": "شركة فاروق ومأمون تمر وشركاهما"
  },
  {
    "file": "تمديد ضمان البنك الأهلي -B307566.docx",
    "company": "شركة مكتب الكمال للاستيراد المحدودة"
  },
  {
    "file": "تمديد ضمان البنك الأهلي -C222704.docx",
    "company": "الشركة السعودية العالمية للتجارة المحدودة ستكو فارما"
  },
  {
    "file": "تمديد ضمان البنك الأهلي -C226206.docx",
    "company": "شركة التوريدات والخدمات الطبية المحدودة"
  },
  {
    "file": "تمديد ضمان البنك السعودي للاستثمار - ELGSA000947.docx",
    "company": "شركة المستلزمات والخدمات الطبية المحدودة"
  },
  {
    "file": "تمديد ضمان البنك السعودي للاستثمار - ILGSA026899.docx",
    "company": "الشركة الوطنية للمنتجات الطبية"
  },
  {
    "file": "تمديد ضمان البنك السعودي للاستثمار - ILGSA027292.docx",
    "company": "شركة عبدالرحمن القصيبي للتجارة العامة"
  },
  {
    "file": "تمديد ضمان البنك العربي الوطني - OG-CC056833.docx",
    "company": "شركة البيت العربي للتجارة"
  },
  {
    "file": "تمديد ضمان البنك العربي الوطني - OG-WW053143.docx",
    "company": "شركة زمو التجارية المحدودة"
  },
  {
    "file": "تمديد ضمان بنك البلاد - LG2413400017.docx",
    "company": "شركة أجال السعودية للخدمات الصحية"
  },
  {
    "file": "تمديد ضمان بنك الجزيرة - LGI-0840-23-0234.docx",
    "company": "شركة فاروق ومأمون تمر وشركاهما"
  },
  {
    "file": "تمديد ضمان بنك الرياض - JLG6704543.docx",
    "company": "شركة فاروق ومأمون تمر وشركاهما"
  },
  {
    "file": "تمديد ضمان بنك الرياض - RLG6703621.docx",
    "company": "مؤسسة دار الفارابي للوازم الطبية"
  },
  {
    "file": "تمديد ضمان بنك الكويت الوطني - NBKSA23B002896.docx",
    "company": "شركة الجيل الطبية والتجارية"
  },
  {
    "file": "نموذج تمديد ضمان مصرف الراجحي - 23OGTE49100962.docx",
    "company": "شركة مكتب الكمال للاستيراد المحدودة"
  },
  {
    "file": "الإفراج عن ضمان البنك السعودي للاستثمار - ILGSA021385.docx",
    "company": "شركة سمنان للتشغيل والصيانة، وذلك لانتهاء الغرض منه."
  },
  {
    "file": "الإفراج عن ضمان البنك السعودي للاستثمار - ILGSA024811.docx",
    "company": "شركة الصالحية للتجارة، وذلك لانتهاء الغرض منه."
  },
  {
    "file": "الإفراج عن ضمان البنك السعودي للاستثمار - ILGSA025451.docx",
    "company": "شركة سمنان للتشغيل والصيانة، وذلك لانتهاء الغرض منه."
  },
  {
    "file": "الإفراج عن ضمان البنك السعودي للاستثمار - ILGSA025735.docx",
    "company": "شركة مياه لتقنية المياة والبيئة، وذلك لانتهاء الغرض منه."
  },
  {
    "file": "تمديد ضمان البنك الأهلي - C202462.docx",
    "company": "شركة عبد الرحمن القصيبي للتجارة العامة"
  },
  {
    "file": "تمديد ضمان البنك الأهلي - C226206.docx",
    "company": "شركة التوريدات والخدمات الطبية المحدودة"
  },
  {
    "file": "تمديد ضمان البنك الأهلي - M113711.docx",
    "company": "شركة ابراهيم محمد العبود للتنمية"
  },
  {
    "file": "تمديد ضمان البنك السعودي الأول - PEBGCU425239.docx",
    "company": "الشركة السعودية للحاسبات الالكترونية المحدودة"
  },
  {
    "file": "تمديد ضمان البنك السعودي الأول - PEBHOR514737.docx",
    "company": "شركة إي واي لخدمات الأعمال"
  },
  {
    "file": "تمديد ضمان البنك السعودي الفرنسي - 089157J.docx",
    "company": "شركة الأمين للتجهيزات الطبية والعلمية"
  },
  {
    "file": "تمديد ضمان البنك السعودي الفرنسي - 094540J.docx",
    "company": "شركة الخليج الطبية المحدودة"
  },
  {
    "file": "تمديد ضمان البنك العربي الوطني - OG-CC062763.docx",
    "company": "شركة الهدا للمقاولات المحدودة"
  },
  {
    "file": "تمديد ضمان بنك البلاد - MD2413599001.docx",
    "company": "مؤسسة أضواء الرحمة للمقاولات"
  },
  {
    "file": "تمديد ضمان بنك الجزيرة - LGI-0840-23-9322.docx",
    "company": "شركة الرعاية والتخطيط لتجهيز المستشفيات المحدودة"
  },
  {
    "file": "تمديد ضمان بنك الجزيرة - LGI-0840-23-9388.docx",
    "company": "شركة فاروق ومأمون تمر وشركائهما"
  },
  {
    "file": "تمديد ضمان بنك الجزيرة - LGI-0858-22-6268.docx",
    "company": "شركة روابط للحلول الصحية المحدودة"
  },
  {
    "file": "تمديد ضمان بنك الرياض - JLG6502738.docx",
    "company": "الشركة السعودية للحاسبات الالكترونية المحدودة"
  },
  {
    "file": "تمديد ضمان مصرف الإنماء - MD2421800034.docx",
    "company": "شركة بيت الرياض"
  },
  {
    "file": "تمديد ضمان مصرف الراجحي - 24OGTE48803081.docx",
    "company": "شركة لانا الطبية ذات مسؤولية محدودة"
  },
  {
    "file": "تمديد ضمان البنك الأهلي - M114368.docx",
    "company": "شركة منافع الصناعية المحدودة"
  },
  {
    "file": "تمديد ضمان البنك الأهلي -B307471.docx",
    "company": "شركة فاروق ومأمون تمر وشركاهما"
  },
  {
    "file": "تمديد ضمان البنك الأهلي -B307802.docx",
    "company": "شركة فاروق ومأمون تمر وشركاهما"
  },
  {
    "file": "تمديد ضمان البنك الأهلي -C223283.docx",
    "company": "شركة عبر العربية الطبية"
  },
  {
    "file": "تمديد ضمان البنك الأهلي -C224482.docx",
    "company": "شركة عبدالرحمن القصيبي للتجارة العامة"
  },
  {
    "file": "تمديد ضمان البنك الأهلي -C225995.docx",
    "company": "شركة عبدالرحمن القصيبي للتجارة العامة"
  },
  {
    "file": "تمديد ضمان البنك الأهلي -C227405.docx",
    "company": "شركة عبدالرحمن القصيبي للتجارة العامة"
  },
  {
    "file": "تمديد ضمان البنك الأهلي -C231109.docx",
    "company": "شركة عبدالرحمن القصيبي للتجارة العامة"
  },
  {
    "file": "تمديد ضمان البنك الأول - APNGCU511553.docx",
    "company": "شركة أحمد محمد عبدالوهاب ناغي وأولاده"
  },
  {
    "file": "تمديد ضمان البنك الأول - APNGCU512323.docx",
    "company": "شركة أحمد محمد عبدالوهاب ناغي وأولاده"
  },
  {
    "file": "تمديد ضمان البنك الأول - APNGCU512752.docx",
    "company": "شركة زمو التجارية المحدودة"
  },
  {
    "file": "تمديد ضمان البنك الأول - PEBGCU500543.docx",
    "company": "شركة ميدترونيك العربية السعودية"
  },
  {
    "file": "تمديد ضمان البنك السعودي الفرنسي - 001489A.docx",
    "company": "مؤسسة البيت العربي للتجارة"
  },
  {
    "file": "تمديد ضمان البنك السعودي الفرنسي - A001324.docx",
    "company": "شركة البيت العربي للتجارة"
  },
  {
    "file": "تمديد ضمان البنك السعودي الفرنسي - H001866.docx",
    "company": "شركة نافكو السعودية لأنظمة الإطفاء"
  },
  {
    "file": "تمديد ضمان البنك السعودي الفرنسي - خ094519.docx",
    "company": "شركة الخليج الطبية المحدودة"
  },
  {
    "file": "تمديد ضمان البنك السعودي الفرنسي - ر130649.docx",
    "company": "شركة الاصول الطبية التجارية"
  },
  {
    "file": "تمديد ضمان البنك العربي الوطني - OG-CC054594.docx",
    "company": "شركة ايماس السعودية للمنتجات الطبية"
  },
  {
    "file": "تمديد ضمان البنك العربي الوطني - OG-CC061778.docx",
    "company": "شركة الفيصلية للأنظمة الطبية"
  },
  {
    "file": "تمديد ضمان البنك العربي الوطني - OG-EE055881.docx",
    "company": "شركة سما ماسا التجارية"
  },
  {
    "file": "تمديد ضمان البنك العربي الوطني - OG-EE056078.docx",
    "company": "شركة سما ماسا التجارية"
  },
  {
    "file": "تمديد ضمان بنك الجزيرة - LGI-0917-24-1316.docx",
    "company": "شركة الجراحة المتقدمة للمستلزمات الطبية"
  },
  {
    "file": "تمديد ضمان بنك الخليج الدولي - LGO-363118-23RYD.docx",
    "company": "مصنع المحاليل الطبية"
  },
  {
    "file": "تمديد ضمان بنك الرياض - JLG6702896.docx",
    "company": "الشركة السعودية المتطورة لخدمات الكلى المحدودة"
  },
  {
    "file": "تمديد ضمان بنك الرياض - JLG6801992.docx",
    "company": "شركة سيكلي السعودية للمعدات الطبية"
  },
  {
    "file": "تمديد ضمان بنك الرياض - JLG6802559.docx",
    "company": "شركة فاروق ومأمون تمر وشركاهما"
  },
  {
    "file": "تمديد ضمان بنك الرياض - RLG6711509.docx",
    "company": "الشركة العربية لتصنيع المنتجات الطبية (عنايه)"
  },
  {
    "file": "تمديد ضمان مصرف الإنماء - MD2321100010.docx",
    "company": "شركة المدار العلمي لتجارة الأجهزة والمستلزمات الطبية"
  },
  {
    "file": "تمديد ضمان البنك الأهلي - B311741.docx",
    "company": "شركة سعد صالح السبتي وشركاؤه"
  },
  {
    "file": "تمديد ضمان البنك الأهلي - M113528.docx",
    "company": "شركة رؤية القوى للمصاعد"
  },
  {
    "file": "تمديد ضمان البنك السعودي الأول - PEB-WPM-820927.docx",
    "company": "الشركة السعودية للحاسبات الألكترونية"
  },
  {
    "file": "تمديد ضمان البنك السعودي الفرنسي - 125855R.docx",
    "company": "شركة جمال عبد الفتاح جارودي للمقاولات"
  },
  {
    "file": "تمديد ضمان البنك السعودي للاستثمار - ILGSA027565.docx",
    "company": "شركة زمو التجارية المحدودة"
  },
  {
    "file": "تمديد ضمان البنك العربي الوطني - OG-CC046180.docx",
    "company": "شركة الهدا للمقاولات المحدودة"
  },
  {
    "file": "تمديد ضمان البنك العربي الوطني - OG-CC049673.docx",
    "company": "شركة دار الزهراوي للتجهيزات الطبية"
  },
  {
    "file": "تمديد ضمان البنك العربي الوطني - OG-CC053993.docx",
    "company": "شركة الفيصلية للانظمة الطبية"
  },
  {
    "file": "تمديد ضمان البنك العربي الوطني - OG-CC058334.docx",
    "company": "شركة الهدا للمقاولات المحدودة"
  },
  {
    "file": "تمديد ضمان البنك العربي الوطني - OG-CC061774.docx",
    "company": "شركة برومديك السعودية"
  },
  {
    "file": "تمديد ضمان البنك العربي الوطني - OG-CC063781.docx",
    "company": "شركة الهدا للمقاولات المحدودة"
  },
  {
    "file": "تمديد ضمان البنك العربي الوطني - OG-IC046794.docx",
    "company": "(SCHINDLER OLAYAN ELEVATOR CO. LTD.)"
  },
  {
    "file": "تمديد ضمان البنك العربي الوطني - OG-IC056388.docx",
    "company": "شركة نافكو السعودية لإنظمة الإطفاء"
  },
  {
    "file": "تمديد ضمان بنك البلاد - LG2123500014.docx",
    "company": "شركة توريدات الخليج للأنظمة الأحيائية"
  },
  {
    "file": "تمديد ضمان بنك الخليج الدولي - LGO-359446-20RYD.docx",
    "company": "شركة عبد الله فؤاد للوازم والخدمات الطبية"
  },
  {
    "file": "تمديد ضمان بنك الرياض - DLG6601648.docx",
    "company": "مؤسسة أنظمة النيزك الهندسية العالمية"
  },
  {
    "file": "تمديد ضمان بنك الرياض - DLG6801343.docx",
    "company": "شركة الرواق الأخضر للخدمات البيئية"
  },
  {
    "file": "تمديد ضمان بنك الرياض - RLG6211034.docx",
    "company": "شركة الرياض المالية"
  },
  {
    "file": "تمديد ضمان بنك الرياض - RLG6309051.docx",
    "company": "شركة الجيل الطبية والتجارية المحدودة"
  },
  {
    "file": "تمديد ضمان بنك الرياض - RLG6456192.docx",
    "company": "شركة الجيل الطبية والتجارية المحدودة"
  },
  {
    "file": "تمديد ضمان بنك الرياض - RLG6511941.docx",
    "company": "شركة الحلول الصحية المتقدمة المحدودة"
  },
  {
    "file": "تمديد ضمان بنك الرياض - RLG6701404.docx",
    "company": "مؤسسة بيت الرياض - الجريسي"
  },
  {
    "file": "تمديد ضمان بنك الرياض - RLG6904293.docx",
    "company": "(SAUDI INTERNATIONAL TRAVEL COMPANY)"
  },
  {
    "file": "تمديد ضمان مصرف الإنماء - MD2131500012.docx",
    "company": "مؤسسة نخبة الحلول الذكية للمعدات"
  },
  {
    "file": "نموذج تمديد ضمان بنك بي ان بي باريبا - 04762IGS2300004.docx",
    "company": "شركة محمد منصور الرميح للتجارة"
  },
  {
    "file": "نموذج تمديد ضمان مصرف الراجحي - 24OGTE48805614.docx",
    "company": "مؤسسة عبد الرحمن عبد العزيز الحقباني للتجارة"
  },
  {
    "file": "تمديد ضمان البنك الأهلي - B315890.docx",
    "company": "شركة فاروق ومأمون تمر وشركاهما"
  },
  {
    "file": "تمديد ضمان البنك الأهلي - B317135.docx",
    "company": "شركة الخليج الطبية المحدودة"
  },
  {
    "file": "تمديد ضمان البنك الأهلي - C228836.docx",
    "company": "الشركة السعودية العالمية للتجارة"
  },
  {
    "file": "تمديد ضمان البنك الأول - APNGCU511553.docx",
    "company": "شركة التوريدات والخدمات الطبية المحدودة (مدي سيرف)"
  },
  {
    "file": "تمديد ضمان البنك السعودي الفرنسي - أ002444.docx",
    "company": "شركة رنين الطبية"
  },
  {
    "file": "تمديد ضمان البنك السعودي الفرنسي - أ002465.docx",
    "company": "شركة البيت العربي للتجارة"
  },
  {
    "file": "تمديد ضمان البنك السعودي الفرنسي - ج095440.docx",
    "company": "شركة فاروق ومأمون تمر وشركاهما"
  },
  {
    "file": "تمديد ضمان البنك السعودي للاستثمار - ILGSA031181.docx",
    "company": "شركة عبد الرحمن القصيبي للتجارة"
  },
  {
    "file": "تمديد ضمان البنك العربي الوطني - OGWW061304.docx",
    "company": "شركة الخليج الطبية المحدودة"
  },
  {
    "file": "تمديد ضمان بنك الرياض - RLG6709615.docx",
    "company": "الشركة العالمية للتجارة والتقنية المعلوماتية"
  },
  {
    "file": "تمديد ضمان بنك الرياض - RLG6901490.docx",
    "company": "شركة عصر التقنية الطبية"
  },
  {
    "file": "تمديد ضمان بنك الرياض - RLG6902389.docx",
    "company": "شركة عصر التقنية الطبية"
  },
  {
    "file": "تمديد ضمان البنك الأهلي - B289654.docx",
    "company": "شركة سعف طيبة للمقاولات"
  },
  {
    "file": "تمديد ضمان البنك الأهلي - B313435.docx",
    "company": "شركة الخليج الطبية المحدودة"
  },
  {
    "file": "تمديد ضمان البنك الأهلي - B319068.docx",
    "company": "جيل الثمانينات للدعاية والاعلان"
  },
  {
    "file": "تمديد ضمان البنك الأهلي - M104929.docx",
    "company": "شركة إبراهيم محمد العبود للتنمية والتطوير"
  },
  {
    "file": "تمديد ضمان البنك الأهلي - M105151.docx",
    "company": "شركة بايوني التجارية"
  },
  {
    "file": "تمديد ضمان البنك السعودي الأول - APGHOR556001.docx",
    "company": "شركة توريد للمعدات المحدودة"
  },
  {
    "file": "تمديد ضمان البنك السعودي الأول - APNCBG521467.docx",
    "company": "شركة رانا السعودية المحدودة"
  },
  {
    "file": "تمديد ضمان البنك السعودي الأول - PEBHOR207364.docx",
    "company": "(Cerner Corporation)"
  },
  {
    "file": "تمديد ضمان البنك السعودي الأول - PEBHOR207368.docx",
    "company": "(Cerner Middle East Ltd)"
  },
  {
    "file": "تمديد ضمان البنك السعودي الأول - PEBHOR437760.docx",
    "company": "(Gartner Saudi Arabia Ltd)"
  },
  {
    "file": "تمديد ضمان البنك السعودي الفرنسي - ر123470.docx",
    "company": "فندق المنهل كراون بلازا الرياض"
  },
  {
    "file": "تمديد ضمان البنك السعودي الفرنسي - ر126941.docx",
    "company": "شركة جمال عبد الفتاح جارودي للمقاولات"
  },
  {
    "file": "تمديد ضمان البنك العربي الوطني - OG-CC043119.docx",
    "company": "شركة الجيل الطبية والتجارية"
  },
  {
    "file": "تمديد ضمان بنك الخليج الدولي - LGO-360750-21RYD.docx",
    "company": "شركة الجيل الطبية والتجارية المحدودة"
  },
  {
    "file": "تمديد ضمان بنك الخليج الدولي - LGO-361897-22RYD.docx",
    "company": "شركة الجيل الطبية والتجارية المحدودة"
  },
  {
    "file": "تمديد ضمان بنك الرياض - RLG6702711.docx",
    "company": "(Century Mechanical Systems Trading Est.)"
  },
  {
    "file": "تمديد ضمان مصرف الإنماء - MD2301900006.docx",
    "company": "شركة مجا الطبية للتجارة"
  },
  {
    "file": "تمديد ضمان مصرف الإنماء - MD2505800034.docx",
    "company": "شركة وكالة نحو الحوار للدعاية والإعلان"
  },
  {
    "file": "نموذج تمديد ضمان مصرف الراجحي - 22OGTE48803927.docx",
    "company": "شركة الفا جاما التجارية"
  },
  {
    "file": "نموذج تمديد ضمان مصرف الراجحي - 22OGTE48804026.docx",
    "company": "مؤسسة بدر سعود العمري للمقاولات"
  },
  {
    "file": "نموذج تمديد ضمان مصرف الراجحي - 22OGTE48804515.docx",
    "company": "مؤسسة بدر سعود العمري للمقاولات"
  },
  {
    "file": "نموذج تمديد ضمان مصرف الراجحي - 24OGTE48808011.docx",
    "company": "مؤسسة الكيان المعماري للمقاولات العامة"
  },
  {
    "file": "تمديد ضمان البنك الأهلي - B319046.docx",
    "company": "شركة فاروق ومأمون تمر وشركاهما"
  },
  {
    "file": "تمديد ضمان البنك الأهلي - B320149.docx",
    "company": "شركة فاروق ومأمون تمر وشركاهما"
  },
  {
    "file": "تمديد ضمان البنك الأهلي - B320150.docx",
    "company": "شركة فاروق ومأمون تمر وشركاهما"
  },
  {
    "file": "تمديد ضمان البنك الأهلي - C225410.docx",
    "company": "شركة الاسقمري التجارية"
  },
  {
    "file": "تمديد ضمان البنك الأهلي - C230972.docx",
    "company": "شركة عبدالرحمن القصبي للتجارة العامة"
  },
  {
    "file": "تمديد ضمان البنك الأهلي - C231426.docx",
    "company": "الشركة العربية للوازم الطبية"
  },
  {
    "file": "تمديد ضمان البنك الأهلي - C231739.docx",
    "company": "الشركة السعودية العالمية للتجارة المحدودة ستكوفارما"
  },
  {
    "file": "تمديد ضمان البنك الأهلي - C232449.docx",
    "company": "الشركة السعودية العالمية للتجارة المحدودة ستكوفارما"
  },
  {
    "file": "تمديد ضمان البنك الأهلي - C232863.docx",
    "company": "شركة الصالحية التجارية"
  },
  {
    "file": "تمديد ضمان البنك الأهلي - C232945.docx",
    "company": "شركة كومل"
  },
  {
    "file": "تمديد ضمان البنك الأهلي - C233425.docx",
    "company": "الشركة السعودية العالمية للتجارة المحدودة ستكوفارما"
  },
  {
    "file": "تمديد ضمان البنك الأهلي - M109672.docx",
    "company": "شركة عبدالله فؤاد للوازم  والخدمات الطبية"
  },
  {
    "file": "تمديد ضمان البنك السعودي الفرنسي - J095647.docx",
    "company": "شركة فاروق مأمون تمر وشركاه"
  },
  {
    "file": "تمديد ضمان البنك السعودي الفرنسي - ج093387.docx",
    "company": "شركة الخليج الطبية المحدودة"
  },
  {
    "file": "تمديد ضمان البنك السعودي الفرنسي - ج094511.docx",
    "company": "مؤسسات سقالة التجارية"
  },
  {
    "file": "تمديد ضمان البنك السعودي الفرنسي - خ094370.docx",
    "company": "شركة الخليج الطبية المحدودة"
  },
  {
    "file": "تمديد ضمان البنك السعودي الفرنسي - ر131858.docx",
    "company": "شركة الصالحية التجارية"
  },
  {
    "file": "تمديد ضمان البنك السعودي للاستثمار - ILGSA023414.docx",
    "company": "شركة التعامل التجارية"
  },
  {
    "file": "تمديد ضمان البنك السعودي للاستثمار - ILGSA031438.docx",
    "company": "شركة عبدالرحمن القصيبي للتجارة العامة"
  },
  {
    "file": "تمديد ضمان البنك العربي الوطني - OG-WW061749.docx",
    "company": "شركة سقالة للرعاية الصحية"
  },
  {
    "file": "تمديد ضمان البنك العربي الوطني - OG-WW062182.docx",
    "company": "شركة سقالة للرعاية الصحية"
  },
  {
    "file": "تمديد ضمان البنك العربي الوطني - OG-WW064170.docx",
    "company": "شركة سقالة للرعاية الصحية"
  },
  {
    "file": "تمديد ضمان بنك الجزيرة - LGI-0918-25-4265.docx",
    "company": "شركة المهند للأجهزة الطبية والمخبرية"
  },
  {
    "file": "تمديد ضمان بنك الخليج الدولي - LGO-362772-23RYD.docx",
    "company": "الشركة العربية للوازم الطبية"
  },
  {
    "file": "تمديد ضمان بنك الرياض - JLG6604607.docx",
    "company": "شركة سمير للتجارة والتسويق"
  },
  {
    "file": "تمديد ضمان بنك الرياض - JLG6901424.docx",
    "company": "شركة مكتب الكمال للاستيراد المحدودة"
  },
  {
    "file": "تمديد ضمان بنك الرياض - RLG6625695.docx",
    "company": "شركة الجيل الطبية والجارية المحدودة"
  },
  {
    "file": "تمديد ضمان بنك الرياض - RLG6705295.docx",
    "company": "الشركة السعودية المتطورة لخدمات الكلى"
  },
  {
    "file": "تمديد ضمان بنك الرياض - RLG6905470.docx",
    "company": "شركة عصر التقنية الطبية"
  },
  {
    "file": "تمديد ضمان بنك بي ان بي باريبا - 04762IGS2201686.docx",
    "company": "شركة روش التشخيصية العربية السعودية المحدودة"
  },
  {
    "file": "تمديد ضمان مصرف الإنماء - MD2513500006.docx",
    "company": "شركة (BOSTON ONCOLOGY ARABIA LIMITED)،"
  },
  {
    "file": "إعادة الضمان البنكي - الإنماء -MD2313600034.docx",
    "company": "شركة السحابة لخدمات الأعمال، وذلك لإنتهاء الغرض منه."
  },
  {
    "file": "إعادة الضمان البنكي - السعودي الأول- PEBGCU416850.docx",
    "company": "شركة أميركوم السعودية، وَذلك لإنتهاء الغرض منه."
  },
  {
    "file": "إعادة الضمان البنكي - السعودي الفرنسي-R108517-003.docx",
    "company": "شركة اكسنتشر السعودية المحدودة، وذلك لإنتهاء الغرض منه."
  },
  {
    "file": "إعادة عدد من الضمانات البنكية والعائدة لعدد من أوامر الشراء بنك بي ان بي باريبا السعودية.docx",
    "company": null
  },
  {
    "file": "إعادة عدد من الضمانات البنكية والعائدة لعدد من أوامر الشراء لبنك البلاد.docx",
    "company": null
  },
  {
    "file": "إعادة عدد من الضمانات البنكية والعائدة لعدد من أوامر الشراء للبنك العربي الوطني.docx",
    "company": null
  },
  {
    "file": "الإفراج عن ضمان البنك الأهلي - B295109.docx",
    "company": "شركة اعوام التقنية الدولية، وذلك لإنتهاء الغرض منه، وبناء على شهادة الاستلام النهائية."
  },
  {
    "file": "الإفراج عن ضمان البنك الأهلي - B296590.docx",
    "company": "شركة الخليج الطبية، وذلك لانتهاء الغرض منه."
  },
  {
    "file": "الإفراج عن ضمان البنك الأهلي - B304159.docx",
    "company": "شركة مكتب الكمال للإستيراد المحدودة، وذلك لإنتهاء الغرض منه."
  },
  {
    "file": "الإفراج عن ضمان البنك الأهلي - C225270.docx",
    "company": "شركة عبد الرحمن القصيبي للتجارة العامة المحدودة، وذلك لإنتهاء الغرض منه بناء على طلب الشركة، وموافقة الإدارة المستفيدة."
  },
  {
    "file": "الإفراج عن ضمان البنك الأهلي - C225480.docx",
    "company": "شركة عبد الرحمن القصيبي للتجارة العامة المحدودة، وذلك لإنتهاء الغرض منه بناء على طلب الشركة، وموافقة الإدارة المستفيدة."
  },
  {
    "file": "الإفراج عن ضمان البنك الأهلي - C227899.docx",
    "company": "شركة عبد الرحمن القصيبي للتجارة العامة المحدودة، وذلك لإنتهاء الغرض منه."
  },
  {
    "file": "الإفراج عن ضمان البنك الأهلي - C228065.docx",
    "company": "الشركة العليا السعودية لأنطمة الحاسب الآلي، وذلك لإنتهاء الغرض منه."
  },
  {
    "file": "الإفراج عن ضمان البنك الأهلي - M099642.docx",
    "company": "شركة دار دلتا لتقنية المعلومات، وذلك لإنتهاء الغرض منه، وبناء على توصية الإدارة المستفيدة."
  },
  {
    "file": "الإفراج عن ضمان البنك الأهلي - M111292 - تصحيح.docx",
    "company": "شركة كومل، نود التصحيح بأن رقم الضمان المراد الإفراخ عنه هو ضمان رقم (M111929) وهو الذي تم تسليمكم أصله مع خطابنا المشار اليه أعلاه لإنتهاء الغرض منه، وبناء على توصية الإدارة المستفيدة."
  },
  {
    "file": "الإفراج عن ضمان البنك الأهلي - M111292.docx",
    "company": "شركة كومل، وذلك لإنتهاء الغرض منه، وبناء على توصية الإدارة المستفيدة."
  },
  {
    "file": "الإفراج عن ضمان البنك العربي الوطني - OG-CC049436.docx",
    "company": "شركة الصغير للتجارة والمقاولات، وذلك لإنتهاء الغرض منه بناء على توصية الإدارة المستفيدة."
  },
  {
    "file": "الإفراج عن ضمان البنك العربي الوطني - OG-CC052128.docx",
    "company": "شركة البيت العربي للتجارة، وذلك لإنتهاء الغرض منه."
  },
  {
    "file": "الإفراج عن ضمان البنك العربي الوطني - OG-CC052129.docx",
    "company": "شركة البيت العربي للتجارة، وذلك لانتهاء الغرض منه."
  },
  {
    "file": "الإفراج عن ضمان البنك العربي الوطني - OG-CC052611.docx",
    "company": "شركة نجمة فواصل للتجارة والمقاولات المحدودة، وذلك لإنتهاء الغرض منه بناء على توصية الإدارة المستفيدة."
  },
  {
    "file": "الإفراج عن ضمان البنك العربي الوطني - OG-CC053122.docx",
    "company": "شركة البيت العربي للتجارة، وذلك لإنتهاء الغرض منه."
  },
  {
    "file": "الإفراج عن ضمان البنك العربي الوطني - OG-CC053584.docx",
    "company": "شركة لوازم الدولية الطبية، وذلك لانتهاء الغرض منه."
  },
  {
    "file": "الإفراج عن ضمان البنك العربي الوطني - OG-CC056082.docx",
    "company": "شركة البيت العربي للتجارة، وذلك لانتهاء الغرض منه."
  },
  {
    "file": "الإفراج عن ضمان البنك الفرنسي - 125618R.docx",
    "company": "شركة سمنان للتشغيل والصيانة، وذلك لإنتهاء الغرض منه، وبناء على توصية الإدارة المستفيدة."
  },
  {
    "file": "الإفراج عن ضمان البنك الفرنسي - J093731.docx",
    "company": "شركة فاروق ومأمون تمر وشركاهما، وذلك لإنتهاء الغرض منه، وبناء على توصية الإدارة المستفيدة."
  },
  {
    "file": "الإفراج عن ضمان البنك الفرنسي - J094284.docx",
    "company": "شركة سقالة للرعاية الصحية، وذلك لإنتهاء الغرض منه."
  },
  {
    "file": "الإفراج عن ضمان البنك الفرنسي - R103128.docx",
    "company": "شركة جمال عبد الفتاح الجارودي للمقاولات، وذلك بناء على توصية شهادة الإستلام النهائية، ولإنتهاء الغرض منه."
  },
  {
    "file": "الإفراج عن ضمان البنك الفرنسي - ج092977.docx",
    "company": "شركة سقالة للرعاية الصحية، وذلك لإنتهاء الغرض منه."
  },
  {
    "file": "الإفراج عن ضمان البنك الفرنسي - خ092844.docx",
    "company": "شركة سقالة للرعاية الصحية، وذلك لإنتهاء الغرض منه."
  },
  {
    "file": "الإفراج عن ضمان البنك الفرنسي - خ093241.docx",
    "company": "شركة سقالة للرعاية الصحية، وذلك لإنتهاء الغرض منه حسب."
  },
  {
    "file": "الإفراج عن ضمان البنك الفرنسي - خ094038.docx",
    "company": "شركة سقالة للرعاية الصحية، وذلك لإنتهاء الغرض منه."
  },
  {
    "file": "الإفراج عن ضمان البنك الفرنسي - خ094478.docx",
    "company": "شركة سقالة للرعاية الصحية، وذلك لإنتهاء الغرض منه."
  },
  {
    "file": "الإفراج عن ضمان بنك البلاد - LG2106900003.docx",
    "company": null
  },
  {
    "file": "الإفراج عن ضمان بنك الجزيرة - LGI-0840-20-5800.docx",
    "company": "شركة شبكات الإنجاز للالكترونيات، وذلك لانتهاء الغرض منه، وبناء على توصية الادارة المستفيدة."
  },
  {
    "file": "الإفراج عن ضمان بنك الجزيرة - LGI-0857-24-1209.docx",
    "company": "شركة كومل، وذلك لانتهاء الغرض منه."
  },
  {
    "file": "الإفراج عن ضمان بنك الجزيرة - LGI-0917-23-0688.docx",
    "company": "شركة الجراحة المتقدمة للمستلزمات الطبية، وذلك لإنتهاء الغرض منه."
  },
  {
    "file": "الإفراج عن ضمان بنك الجزيرة - LGI-0917-24-1594.docx",
    "company": "شركة الجراحة المتقدمة للمستلزمات الطبية، وذلك لإنتهاء الغرض منه."
  },
  {
    "file": "الإفراج عن ضمان بنك الخليج الدولي - LGO-363023-23RYD.docx",
    "company": "الشركة العربية الطبية، وذلك لإنتهاء الغرض منه."
  },
  {
    "file": "الإفراج عن ضمان بنك الخليج الدولي - LGO-363487-23RYD.docx",
    "company": "الشركة العربية الطبية، وذلك لإنتهاء الغرض منه."
  },
  {
    "file": "الإفراج عن ضمان بنك الراجحي - 22OGTE49102232.docx",
    "company": "شركة مكتب الكمال للإستيراد المحدودة، وذلك لإنتهاء الغرض منه، وبناء على توصية الإدارة المستفيدة."
  },
  {
    "file": "الإفراج عن ضمان بنك الراجحي - 22OGTE49103260.docx",
    "company": "شركة مكتب الكمال للإستيراد المحدودة، وذلك لإنتهاء الغرض منه، وبناء على توصية الإدارة المستفيدة."
  },
  {
    "file": "الإفراج عن ضمان بنك الراجحي - 23OGTE48805746.docx",
    "company": "شركة مدارات للتقنية، وذلك لإنتهاء الغرض منه، وبناء على طلب الشركة وموافقة إدارة المشتريات."
  },
  {
    "file": "الإفراج عن ضمان بنك الراجحي - 23OGTE49101841.docx",
    "company": "شركة مكتب الكمال للإستيراد المحدودة، وذلك لإنتهاء الغرض منه، وبناء على توصية الإدارة المستفيدة."
  },
  {
    "file": "الإفراج عن ضمان بنك الراجحي - 23OGTE49200828.docx",
    "company": "الشركة العامة للمعدات، وذلك لانتهاء الغرض منه."
  },
  {
    "file": "الإفراج عن ضمان بنك الراجحي -24OGTE48803617.docx",
    "company": "مؤسسة القيم للتجارة، وذلك لإنتهاء الغرض منه."
  },
  {
    "file": "الإفراج عن ضمان بنك الرياض - JLG6704116.docx",
    "company": "شركة زمو التجارية المحدودة، وذلك لإنتهاء الغرض منه، وبناء على توصية الإدارة المستفيدة."
  },
  {
    "file": "الإفراج عن ضمان بنك الرياض - RLG6626678.docx",
    "company": "مؤسسة دار نخبة الخليج، وذلك لإنتهاء الغرض منه، وبناء على توصية إدارة المشتريات."
  },
  {
    "file": "الإفراج عن ضمان بنك الرياض - RLG6704988.docx",
    "company": "شركة حلول أمن المعلومات، وذلك لإنتهاء الغرض منه، وبناء على شهادة الاستلام النهائية."
  },
  {
    "file": "الإفراج عن ضمان بنك الرياض - RLG6713888.docx",
    "company": "مجموعة السعيد للمقاولات، وذلك لإنتهاء الغرض منه، وبناء على توصية الإدارة المستفيدة."
  },
  {
    "file": "الإفراج عن ضمان بنك بي ان بي ارابيا - 047621GS2300020.docx",
    "company": "شركة روش برودكتس العربية السعودية المحدودة، وذلك لإنتهاء الغرض منه."
  },
  {
    "file": "الإفراج عن ضمان لمصرف الإنماء - MD2412300025.docx",
    "company": "شركة سبيل الدواء التجارية، وذلك لإنتهاء الغرض منه."
  },
  {
    "file": "الإفراج عن ضمان مصرف الإنماء - MD2316200037.docx",
    "company": "شركة السحابة لخدمات الأعمال، وذلك لإنتهاء الغرض منه، وبناء على توصية الإدارة المستفيدة."
  },
  {
    "file": "الإفراج عن ضمان مصرف الإنماء - MD2325600061.docx",
    "company": "شركة شارك الخبرة للاستشارات المهنية، وذلك لإنتهاء الغرض منه، وبناء على توصية الإدارة المستفيدة."
  },
  {
    "file": "الإفراج عن ضمان مصرف الإنماء - MD2328100043.docx",
    "company": "شركة توريدات القمة للتجارة، وذلك لإنتهاء الغرض منه."
  },
  {
    "file": "الافراج عن ضمان البنك السعودي الأول - PEBCBG512218.docx",
    "company": "شركة فور برينسبلز مانجمنت كونسلتنج المحدودة، وذلك لإنتهاء الغرض منه."
  },
  {
    "file": "الافراج عن ضمان البنك السعودي الأول - PEBCPM303905.docx",
    "company": "شركة جمال عبدالفتاح الجارودي للمقاولات، وذلك لإنتهاء الغرض منه بناء على توصية الإدارة المستفيدة."
  },
  {
    "file": "الافراج عن ضمان البنك السعودي الأول - PEBHOR314147.docx",
    "company": "شركة (VARIAN MEDICAL SYSTEMS ARABIA COMMERCIAL LIMITED)، وذلك لإنتهاء الغرض منه بناء على توصية الإدارة المستفيدة."
  },
  {
    "file": "الافراج عن ضمان البنك السعودي الأول - PEBHOR431506.docx",
    "company": "شركة أكوميد السعودية المحدودة، وذلك لإنتهاء الغرض منه."
  },
  {
    "file": "الافراج عن ضمان البنك السعودي الأول - PEBHOR436929.docx",
    "company": "شركة Sagittarius Marketing (Kent) limited، وذلك لإنتهاء الغرض منه بناء على توصية الإدارة المستفيدة."
  },
  {
    "file": "تمديد ضمان البنك الأهلي - C226305.docx",
    "company": "شركة عبدالرحمن القصيبي للتجارة العامة"
  },
  {
    "file": "تمديد ضمان البنك الأول - APNGCU436326.docx",
    "company": "شركة هوني ويل التركي العربية المحدودة"
  },
  {
    "file": "تمديد ضمان البنك الأول - APNGCU440713.docx",
    "company": "شركة دايفرسي السعودية المحدودة"
  },
  {
    "file": "تمديد ضمان البنك الأول - PEBHOR417111.docx",
    "company": "شركة إرنست ويونغ للخدمات المهنية"
  },
  {
    "file": "تمديد ضمان البنك الأول - PEBHPR441966.docx",
    "company": "شركة (M&C Saatchi Group)"
  },
  {
    "file": "تمديد ضمان بنك الرياض - JLG6602162.docx",
    "company": "شركة فاروق ومأمون تمر وشركاهما"
  },
  {
    "file": "تمديد ضمان بنك الرياض - RLG6626317.docx",
    "company": "شركة تطوير العلاخ العالمية المحدودة"
  },
  {
    "file": "تمديد ضمان بنك الرياض - RLG6714032.docx",
    "company": "شركة مصنع الخليج لفلاتر الهواء"
  },
  {
    "file": "خطاب تمديد ضمان البنك السعودي الفرنسي - ج089481.docx",
    "company": "شركة جيل الإدارة الحديثة للتجارة"
  },
  {
    "file": "خطاب تمديد ضمان البنك السعودي الفرنسي - ر150513.docx",
    "company": "شركة هدانيا للتجارة والمقاولات"
  },
  {
    "file": "خطاب تمديد ضمان البنك السعودي الفرنسي - ك074806.docx",
    "company": "مؤسسة أنظمة النيزك الهندسية العالمية"
  },
  {
    "file": "خطاب تمديد ضمان البنك العربي الوطني - OG-CC049152.docx",
    "company": "شركة الهدا للمقاولات المحدودة"
  },
  {
    "file": "خطاب تمديد ضمان البنك العربي الوطني - OGEE031069.docx",
    "company": "شركة سما ماسا التجارية"
  },
  {
    "file": "خطاب تمديد ضمان بنك البحرين الوطني - 0000123BGG020043.docx",
    "company": "شركة مجموعة المرشد القابضة"
  },
  {
    "file": "خطاب تمديد ضمان دويتشة بنك - 507BGG1900494.docx",
    "company": "شركة دراجر العربية المحدودة"
  },
  {
    "file": "خطاب تمديد ضمان مصرف الإنماء - MD2331900040.docx",
    "company": "شركة وكالة نحو الحوار للدعاية والإعلان"
  },
  {
    "file": "خطاب تمديد ضمان مصرف الإنماء - MD2408700006.docx",
    "company": "شركة رنين الطبية للتجارة"
  },
  {
    "file": "شركة الإتصالات السعودية (STC) - منصة إعتماد.docx",
    "company": null
  },
  {
    "file": "شركة المياة الوطنية - سعادة المدير التنفيذي للتحصيل وعمليات العملاء - فواتير.docx",
    "company": null
  },
  {
    "file": "شركة المياة الوطنية - سعادة المدير التنفيذي لوحدة أعمال الرباض - فواتير.docx",
    "company": null
  },
  {
    "file": "شركة المياة الوطنية - فواتير لإرقام حسابات ليست تابعة لمُستشفى الملك فيصل 2.docx",
    "company": "مُستشفى الملك فيصل التّخصّصيّ ومركز الأبحاث فرع الرياض."
  },
  {
    "file": "نموذج إعادة الضمان البنكي - الراجحي -مدارات للتقنية.docx",
    "company": "شركة مدارات للتقنية، وذلك لإنتهاء الغرض منه."
  },
  {
    "file": "نموذج إعادة الضمان البنكي - الراجحي.docx",
    "company": "مُؤسسة صالح مقبل الملحم للنقليات، وذلك لإنتهاء الغرض منه."
  },
  {
    "file": "نموذج إعادة ضمان البنك السعودي الأول.docx",
    "company": "شركة اميركوم السعودية، وذلك بناء على توصية شهادة الإستلام النهائية، ولإنتهاء الغرض منه."
  },
  {
    "file": "نموذج إعادة ضمان للبنك الفرنسي.docx",
    "company": "شركة اكستنشر السعودية المحدودة، وذلك لإنتهاء الغرض منه."
  },
  {
    "file": "نموذج إعادة ضمان لمصرف الإنماء.docx",
    "company": "شركة السحابة لخدمات الأعمال، وذلك لإنتهاء الغرض منه."
  },
  {
    "file": "نموذج إعادة عدد من الضمانات البنكية والعائدة لعدد من أوامر الشراء لمصرف الإنماء.docx",
    "company": null
  },
  {
    "file": "نموذج تمديد ضمان البنك الأهلي -B277741.docx",
    "company": "شركة آل سالم جونسون كنترولز (يورك)"
  },
  {
    "file": "نموذج تمديد ضمان بنك البلاد.docx",
    "company": "شركة سيكلي السعودية"
  },
  {
    "file": "نموذج تمديد ضمان بنك بي ان بي باريبا - 04762IGS2201890.docx",
    "company": "شركة المثلث التقني الكامل"
  },
  {
    "file": "نموذج تمديد ضمان بنك بي ان بي باريبا - 04762IGS2400539.docx",
    "company": "شركة بوسطن كونسلتينغ جروب انترناشيونال انك،"
  },
  {
    "file": "نموذج تمديد ضمان لمصرف الإنماء - MD2122999002.docx",
    "company": "شركة سيكلي السعودية"
  },
  {
    "file": "نموذج تمديد ضمان مصرف الراجحي - 23OGTE48809031.docx",
    "company": "مؤسسة روافد طيبة للمقاولات العامة"
  },
  {
    "file": "نموذج تمديد ضمان مصرف الراجحي - 23OGTE49101572.docx",
    "company": "شركة بعد للإتصالات السلكية واللاسلكية"
  },
  {
    "file": "تمديد ضمان البنك الأهلي -B294750.docx",
    "company": "مؤسسة السالمية العربية للتجارة"
  },
  {
    "file": "تمديد ضمان البنك الأهلي -B294752.docx",
    "company": "مؤسسة السالمية العربية للتجارة"
  },
  {
    "file": "تمديد ضمان البنك الأهلي -B303581.docx",
    "company": "شركة بيتا للأجهزه العلميه المحدودة"
  },
  {
    "file": "تمديد ضمان البنك الأهلي -B310585.docx",
    "company": "شركة محيط الأعمال التجارية"
  },
  {
    "file": "تمديد ضمان البنك الأهلي -C226491.docx",
    "company": "شركة مصنع فلاتر الصحراء فرع الشركة العالمية للالمنيوم"
  },
  {
    "file": "تمديد ضمان البنك الأول - AAPGCU427587.docx",
    "company": "شركة جيل الإدارة الحديثة للتجارة"
  },
  {
    "file": "تمديد ضمان البنك الأول - APNGCU420090.docx",
    "company": "شركة التنمية المعلوماتية للتجارة"
  },
  {
    "file": "تمديد ضمان البنك الأول - PEBEPM316799.docx",
    "company": "شركة ابراهيم محمد المانع واخوانه"
  },
  {
    "file": "تمديد ضمان البنك الأول - PEBGCU440605.docx",
    "company": "شركة فيوليا ووتر تكنولوجيز السعودية المحدودة"
  },
  {
    "file": "تمديد ضمان البنك الأول - PEBGCU509259.docx",
    "company": "شركة رضا التجارية لتطوير المعدات والآلات المحدودة"
  },
  {
    "file": "تمديد ضمان البنك الأول - PEBHOR394494.docx",
    "company": "شركة مكنزي وشركائه المحدودة"
  },
  {
    "file": "تمديد ضمان البنك الأول - PEBHOR441408.docx",
    "company": "شركة (HAY GROUP SAUDI ARABIA) المحدودة"
  },
  {
    "file": "تمديد ضمان البنك الأول -PEBGCU426123.docx",
    "company": "شركة فيليبس العربية السعودية للرعاية الصحية"
  },
  {
    "file": "تمديد ضمان البنك السعودي الفرنسي - R129513.docx",
    "company": "شركة ثبات للإنشاءات المحدودة"
  },
  {
    "file": "تمديد ضمان البنك السعودي الفرنسي - ج091644.docx",
    "company": "شركة ثبات للإنشاءات المحدودة"
  },
  {
    "file": "تمديد ضمان البنك السعودي الفرنسي - ر125715.docx",
    "company": "شركة تقنية المياة والبيئة المحدودة"
  },
  {
    "file": "تمديد ضمان البنك السعودي الفرنسي - ر128750.docx",
    "company": "شركة هدانيا للتجارة والمقاولات"
  },
  {
    "file": "تمديد ضمان البنك السعودي الفرنسي - ك072298-002.docx",
    "company": "شركة شركة روعة الآفاق للتجارة"
  },
  {
    "file": "تمديد ضمان البنك السعودي للاستثمار - ILGSA023747.docx",
    "company": "شركة عبدالرحمن القصيبي للتجارة العامة"
  },
  {
    "file": "تمديد ضمان البنك العربي الوطني - OGCC028921.docx",
    "company": "شركة الفيصلية للإنظمة الأمنية"
  },
  {
    "file": "تمديد ضمان بنك البحرين الوطني - 190013LTGPB.docx",
    "company": "شركة مجموعة المرشد القابضة"
  },
  {
    "file": "تمديد ضمان بنك البلاد - LG2225400015.docx",
    "company": "شركة النظائر المشعة التجارية"
  },
  {
    "file": "تمديد ضمان بنك البلاد - MD2304499004.docx",
    "company": "شركة حسن عبدالرؤوف العاوور وشريكة"
  },
  {
    "file": "تمديد ضمان بنك البلاد - MD2329899008.docx",
    "company": "شركة بعد للإتصالات السلكية والاسلكية المحدودة"
  },
  {
    "file": "تمديد ضمان بنك الخليج الدولي - LGO-363779-23RYD.docx",
    "company": "الشركة العربية للوازم الطبية"
  },
  {
    "file": "تمديد ضمان بنك الرياض - DLG6600113.docx",
    "company": "الشركة الاساسية للإكترونيات المحدودة"
  },
  {
    "file": "تمديد ضمان بنك الرياض - DLG6701209.docx",
    "company": "شركة أنماط العمار للبناء المحدودة"
  },
  {
    "file": "تمديد ضمان بنك الرياض - RLG6510778.docx",
    "company": "مؤسسة ارزاق السعودية للتجارة"
  },
  {
    "file": "تمديد ضمان بنك الرياض - RLG6710084.docx",
    "company": "شركة أيه أي اس العربية المحدودة"
  },
  {
    "file": "تمديد ضمان بنك الرياض - RLG6800340.docx",
    "company": "شركة تدارك الإنشائية للمقاولات"
  },
  {
    "file": "تمديد ضمان مصرف الإنماء - MD2325600061.docx",
    "company": "شركة شارك الخبرة للإستشارات المهنية"
  },
  {
    "file": "تمديد ضمان مصرف الإنماء - MD2407700023.docx",
    "company": "شركة التوريدات النوعية التجارية"
  },
  {
    "file": "تمديد ضمان مصرف الإنماء - MD2419200015.docx",
    "company": "مؤسسة بيت الرياض"
  },
  {
    "file": "تمديد ضمان البنك الأهلي - C226305.docx",
    "company": "شركة عبدالرحمن القصيبي للتجارة العامة"
  },
  {
    "file": "تمديد ضمان مصرف الإنماء - MD2419200015.docx",
    "company": "مؤسسة بيت الرياض"
  },
  {
    "file": "الإفراج عن ضمان البنك الأهلي - B296590.docx",
    "company": "شركة الخليج الطبية، وذلك لانتهاء الغرض منه."
  },
  {
    "file": "الإفراج عن ضمان البنك العربي الوطني - OG-CC052129.docx",
    "company": "شركة البيت العربي للتجارة، وذلك لانتهاء الغرض منه."
  },
  {
    "file": "الإفراج عن ضمان البنك العربي الوطني - OG-CC053584.docx",
    "company": "شركة لوازم الدولية الطبية، وذلك لانتهاء الغرض منه."
  },
  {
    "file": "الإفراج عن ضمان البنك العربي الوطني - OG-CC056082.docx",
    "company": "شركة سما ماسا التجارية، وذلك لانتهاء الغرض منه."
  },
  {
    "file": "الإفراج عن ضمان البنك العربي الوطني - OG-EE051566.docx",
    "company": "شركة سما ماسا التجارية، وذلك لانتهاء الغرض منه."
  },
  {
    "file": "الإفراج عن ضمان بنك الجزيرة - LGI-0857-24-1209.docx",
    "company": "شركة كومل، وذلك لانتهاء الغرض منه."
  },
  {
    "file": "الإفراج عن ضمان بنك الراجحي - 23OGTE49200828.docx",
    "company": "الشركة العامة للمعدات والتجارة، وذلك لانتهاء الغرض منه."
  },
  {
    "file": "الإفراج عن ضمان البنك العربي الوطني - OG-CC052129.docx",
    "company": "شركة البيت العربي للتجارة، وذلك لإنتهاء الغرض منه، وبناء على توصية إدارة المشتريات."
  },
  {
    "file": "الإفراج عن ضمان البنك العربي الوطني - OG-CC053584.docx",
    "company": "شركة البيت العربي للتجارة، وذلك لإنتهاء الغرض منه، وبناء على توصية إدارة المشتريات."
  },
  {
    "file": "الإفراج عن ضمان البنك الأهلي - B280793.docx",
    "company": "شركة سمير للتجارة والتسويق، وذلك لانتهاء الغرض منه."
  },
  {
    "file": "الإفراج عن ضمان البنك الأهلي - C222074.docx",
    "company": "شركة الدار الدولية للاستشارات الهندسية، وذلك لانتهاء الغرض منه."
  },
  {
    "file": "الإفراج عن ضمان البنك الأهلي - M111680.docx",
    "company": "شركة جيل الثمانينات للدعاية والاعلان، وذلك لانتهاء الغرض منه."
  },
  {
    "file": "الإفراج عن ضمان البنك العربي الوطني - OG-CC047282.docx",
    "company": "شركة الهدا للمقاولات المحدودة، وذلك لانتهاء الغرض منه."
  },
  {
    "file": "الإفراج عن ضمان البنك الفرنسي - ج090254.docx",
    "company": "شركة ناجية عبد اللطيف جميل لتقنية الحاسب الآلي، وذلك لانتهاء الغرض منه."
  },
  {
    "file": "الإفراج عن ضمان البنك الفرنسي - ج094135.docx",
    "company": "شركة رضا للإستثمار المحدودة، وذلك لانتهاء الغرض منه."
  },
  {
    "file": "الإفراج عن ضمان بنك الامارات الوطني - ENSACG23000116.docx",
    "company": "شركة نافكو السعودية لأنظمة الإطفاء، وذلك لانتهاء الغرض منه."
  },
  {
    "file": "الإفراج عن ضمان بنك البلاد - LG2225400015.docx",
    "company": "شركة النظائر المشعة التجارية، وذلك لإنتهاء الغرض منه."
  },
  {
    "file": "الإفراج عن ضمان بنك الجزيرة - LGI-0842-23-8068.docx",
    "company": "شركة العرض المتقن للخدمات التجارية، وذلك لانتهاء الغرض منه."
  },
  {
    "file": "الإفراج عن ضمان بنك الراجحي - 23OGTE48803062.docx",
    "company": "شركة الشقران للتكييف والأعمال الكهروميكانيكية والمقاولات، وذلك لانتهاء الغرض منه."
  },
  {
    "file": "الإفراج عن ضمان بنك الراجحي - 23OGTE48803113.docx",
    "company": "شركة الشقران للتكييف والأعمال الكهروميكانيكية والمقاولات، وذلك لانتهاء الغرض منه."
  },
  {
    "file": "الإفراج عن ضمان بنك الراجحي - 23OGTE48809490.docx",
    "company": "شركة العثيم المتحدة، وذلك لانتهاء الغرض منه."
  },
  {
    "file": "الإفراج عن ضمان بنك الرياض - DLG6452950.docx",
    "company": "شركة الكحيمي للأنظمة الالكترونية المتقدمة، وذلك لانتهاء الغرض منه."
  },
  {
    "file": "الإفراج عن ضمان بنك الرياض - RLG6507523.docx",
    "company": "مؤسسة سياج الوطن للحراسات الأمنية، وذلك لانتهاء الغرض منه."
  },
  {
    "file": "الإفراج عن ضمان بنك الخليج الدولي - LGO-359624-20RYD.docx",
    "company": "شركة التميمي للصيانة والخدمات العالمية، وذلك لانتهاء الغرض منه."
  },
  {
    "file": "الافراج عن ضمان البنك السعودي الأول - PEBGCU314389.docx",
    "company": "(PHILIPS HEALTHCARE SAUDIA ARABIA)، وذلك لانتهاء الغرض منه."
  },
  {
    "file": "الإفراج عن ضمان البنك الفرنسي - 089157J.docx",
    "company": "شركة الأمين للتجهيزات الطبية والعلمية، وذلك لانتهاء الغرض منه."
  },
  {
    "file": "الإفراج عن ضمان بنك الرياض - JLG6804151.docx",
    "company": "شركة روابط للحلول الصحية المحدودة، وذلك لانتهاء الغرض منه."
  },
  {
    "file": "الإفراج عن ضمان بنك الرياض - RLG6509973.docx",
    "company": "شركة داتيكس العربيه المحدوده، وذلك لانتهاء الغرض منه."
  },
  {
    "file": "الإفراج عن ضمان مصرف الإنماء - MD2131500012.docx",
    "company": "مؤسسة نخبة الحلول الذكية للمعدات، وذلك لانتهاء الغرض منه."
  },
  {
    "file": "تمديد ضمان البنك الأهلي - B277741.docx",
    "company": "شركة ال سالم يورك للخدمات المحدودة"
  },
  {
    "file": "تمديد ضمان البنك الأهلي - C221928.docx",
    "company": "شركة جمال عبد الفتاح جارودي للمقاولات"
  },
  {
    "file": "تمديد ضمان البنك الأهلي - C225632.docx",
    "company": "شركة عبدالرحمن القصيبي للتجارة العامة"
  },
  {
    "file": "تمديد ضمان البنك البريطاني - 2078960330.docx",
    "company": "شركة رزيق عبد الله سعيد الجدراوي الثبيتي وشركاؤه"
  },
  {
    "file": "تمديد ضمان البنك السعودي الأول - APNGCU440092.docx",
    "company": "شركة زهير فايز ومشاركوه"
  },
  {
    "file": "تمديد ضمان البنك السعودي الأول - APNHTS000290.docx",
    "company": "شركة علوم الشبكة للاتصالات"
  },
  {
    "file": "تمديد ضمان البنك السعودي الأول - PEBGCU396559.docx",
    "company": "شركة دار المعدات الطبية والعلمية"
  },
  {
    "file": "تمديد ضمان البنك السعودي الفرنسي - R125071.docx",
    "company": "(SAUDICO ELECTRONIC SYSTEMS)"
  },
  {
    "file": "تمديد ضمان البنك السعودي الفرنسي - ج085566.docx",
    "company": "شركة جيل الإدارة الحديثة للتجارة"
  },
  {
    "file": "تمديد ضمان البنك السعودي الفرنسي - ج091459.docx",
    "company": "شركة الخليج الطبية المحدودة"
  },
  {
    "file": "تمديد ضمان البنك العربي الوطني - OG-CC044793.docx",
    "company": "شركة الراشد للتقنية والطاقة"
  },
  {
    "file": "تمديد ضمان البنك العربي الوطني - OG-IC059929.docx",
    "company": "(SCHINDLER OLAYAN ELEVATOR CO. LTD)"
  },
  {
    "file": "تمديد ضمان بنك الرياض - JLG6504066.docx",
    "company": "شركة عطيه للمعدات الطبية"
  },
  {
    "file": "تمديد ضمان بنك الرياض - JLG6901171.docx",
    "company": "شركة عطيه للمعدات الطبية"
  },
  {
    "file": "تمديد ضمان بنك الرياض - RLG6510812.docx",
    "company": "شركة جنرال الكتريك العربية للرعاية الصحية المحدودة"
  },
  {
    "file": "تمديد ضمان بنك الرياض - RLG6625305.docx",
    "company": "مؤسسة اللغات المتعددة للترجمة"
  },
  {
    "file": "تمديد ضمان بنك الرياض - RLG6626668.docx",
    "company": "شركة جنرال الكتريك العربية للرعاية الصحية المحدودة"
  },
  {
    "file": "تمديد ضمان بنك بي ان بي باريبا - 04762IGS2201800.docx",
    "company": "زيمر بيوميت اصل العربية المحدودة"
  },
  {
    "file": "تمديد ضمان بنك بي ان بي باريبا - 04762IGS2501461.docx",
    "company": "بوسطن كونسلتينق جروب انترناشيونال انك"
  },
  {
    "file": "تمديد ضمان مصرف الإنماء - MD2408700006.docx",
    "company": "شركة رنين الطبية للتجارة"
  },
  {
    "file": "تمديد ضمان مصرف الراجحي - 22OGTE48803441.docx",
    "company": "شركة الأشغال المحدودة"
  },
  {
    "file": "تمديد ضمان مصرف الراجحي - 23OGTE48802136.docx",
    "company": "مؤسسة انجم للمقاولات العامة"
  },
  {
    "file": "المعمرون العرب للاتصالات وخدمات السلامة - اعتراض على غرامة-2.docx",
    "company": null
  },
  {
    "file": "المعمرون العرب للاتصالات وخدمات السلامة - اعتراض على غرامة.docx",
    "company": null
  },
  {
    "file": "الإفراج عن ضمان مصرف الإنماء - MD2513200005.docx",
    "company": "شركة المسمك التجارية، وذلك لانتهاء الغرض منه."
  },
  {
    "file": "الإفراج عن ضمان بنك الراجحي - 220GTE48801436.docx",
    "company": "شركة لانا الطبية، وذلك لإنتهاء الغرض منه."
  },
  {
    "file": "الإفراج عن ضمان البنك الأهلي - M113528.docx",
    "company": "شركة رؤية القوى للمصاعد، وذلك لإنتهاء الغرض منه."
  },
  {
    "file": "الإفراج عن ضمان البنك الأهلي - B283294.docx",
    "company": "شركة عبدالله هاشم للمعدات والغازات الصناعية المحدودة، وذلك لإنتهاء الغرض منه."
  },
  {
    "file": "تمديد ضمان البنك السعودي الفرنسي - R125311.docx",
    "company": "(SAUDICO ELECTRONIC TRADING CONTRACTING COM. LTD)"
  },
  {
    "file": "تمديد ضمان مصرف الراجحي - 22OGTE48803441.docx",
    "company": "شركة مهارة التشييد للمقاولات"
  },
  {
    "file": "تمديد ضمان مصرف الراجحي - 23OGTE48808194.docx",
    "company": "شركة مهارة التشييد للمقاولات"
  },
  {
    "file": "adress.docx",
    "company": null
  },
  {
    "file": "شركة الفارابي للتجارة.docx",
    "company": null
  },
  {
    "file": "شركة زهير فايز ومشاركوه للإستشارات.docx",
    "company": null
  },
  {
    "file": "تمديد ضمان البنك البريطاني - 2078960330.docx",
    "company": "فرع شركة رزيق عبد الله سعيد الجدراوي الثبيتي وشركاؤه"
  },
  {
    "file": "تمديد ضمان بنك الرياض - RLG6625305.docx",
    "company": "مؤسسة اللغات المتعددة للترجمة"
  },
  {
    "file": "تمديد ضمان بنك الرياض - RLG6804209.docx",
    "company": "شركة درع التطوير للتجارة"
  },
  {
    "file": "تمديد ضمان مصرف الراجحي - 22OGTE48803441.docx",
    "company": "شركة الأشغال المحدودة"
  },
  {
    "file": "تمديد ضمان مصرف الراجحي - 23OGTE48802136.docx",
    "company": "مؤسسة انجم للمقاولات العامة"
  },
  {
    "file": "تمديد وتخفيض ضمان بنك الرياض - RLG6450807.docx",
    "company": "شركة المعدات والخدمات الفنية (ايتكس)"
  },
  {
    "file": "تمديد ضمان البنك الأهلي - C227220.docx",
    "company": "شركة الصالحية التجارية"
  },
  {
    "file": "تمديد ضمان البنك الأهلي - C228041.docx",
    "company": "شركة الصالحية التجارية"
  },
  {
    "file": "تمديد ضمان البنك الأول - PEBGCU512922.docx",
    "company": "شركة ميدترونيك العربية السعودية"
  },
  {
    "file": "تمديد ضمان البنك السعودي الفرنسي - J095501.docx",
    "company": "شركة فاروق ومأمون تمر وشركاهما"
  },
  {
    "file": "تمديد ضمان بنك الخليج الدولي - LGO-363376-23RYD.docx",
    "company": "شركة الجيل الطبية التجارية المحدودة"
  },
  {
    "file": "الإفراج عن ضمان مصرف الإنماء - MD2513200005.docx",
    "company": "شركة المسمك التجارية، وذلك لانتهاء الغرض منه."
  },
  {
    "file": "الإفراج عن ضمان البنك الأهلي - C194750.docx",
    "company": "شركة عبدالرحمن القصيبي للتجارة، وذلك لإنتهاء الغرض منه."
  },
  {
    "file": "الإفراج عن ضمان البنك العربي الوطني - OG-CC049690.docx",
    "company": "شركة الحياة الطبية، وذلك لإنتهاء الغرض منه."
  },
  {
    "file": "الإفراج عن ضمان البنك العربي الوطني - OG-CC049745.docx",
    "company": "شركة الحياة الطبية، وذلك لإنتهاء الغرض منه."
  },
  {
    "file": "الإفراج عن ضمان البنك العربي الوطني - OG-EE053688.docx",
    "company": "شركة سما ماسا التجارية، وذلك لإنتهاء الغرض منه."
  },
  {
    "file": "الإفراج عن ضمان البنك العربي الوطني - OG-IC048974.docx",
    "company": "شركة شندلر العليان للمصاعد، وذلك لإنتهاء الغرض منه."
  },
  {
    "file": "الإفراج عن ضمان البنك الفرنسي - 120045R.docx",
    "company": "شركة أنظمة الحاسب الآلي العربي السعودية، وذلك لإنتهاء الغرض منه."
  },
  {
    "file": "الإفراج عن ضمان بنك الراجحي - 21OGTE48804579.docx",
    "company": "شركة مصنع العنوان الاول للمياه المعدنية، وذلك لإنتهاء الغرض منه."
  },
  {
    "file": "الإفراج عن ضمان بنك الرياض - JLG6453149.docx",
    "company": "شركة سكلي السعودية، وذلك لإنتهاء الغرض منه، وبناء على توصية إدارة المشتريات."
  },
  {
    "file": "الإفراج عن ضمان بنك الرياض - JLG6603487.docx",
    "company": "شركة زهير فايز للاستشارات المعمارية والهندسية، وذلك لإنتهاء الغرض منه."
  },
  {
    "file": "الإفراج عن ضمان بنك الرياض - JLG6701391.docx",
    "company": "شركة الرياض المالية، وذلك لانتهاء الغرض منه."
  },
  {
    "file": "تخفيض ضمان البنك الأهلي - C226775.docx",
    "company": "شركة عبدالرحمن القصيبي للتجارة العامة"
  },
  {
    "file": "تمديد ضمان البنك السعودي الفرنسي - خ094078.docx",
    "company": "شركة الخليج الطبية المحدودة"
  },
  {
    "file": "تمديد ضمان البنك العربي الوطني - OG-CC049745.docx",
    "company": "شركة الحياة الطبية"
  },
  {
    "file": "تمديد ضمان البنك العربي الوطني - OG-CC052442.docx",
    "company": "شركة ريم الوسط للتجارة"
  },
  {
    "file": "تمديد ضمان بنك الرياض - JLG6704890.docx",
    "company": "شركة أفق الخليج العالمية الطبية"
  }
]