[
  {
    "canonical": "شركة فاروق ومامون تمر وشركاهما",
    "count": 15,
    "aliases": [
      "شركة فاروق ومأمون تمر وشركاهما"
    ]
  },
  {
    "canonical": "شركة عبدالرحمن القصيبي للتجارة العامة",
    "count": 14,
    "aliases": [
      "شركة عبدالرحمن القصيبي للتجارة العامة"
    ]
  },
  {
    "canonical": "شركة الخليج الطبية المحدودة",
    "count": 11,
    "aliases": [
      "شركة الخليج الطبية المحدودة"
    ]
  },
  {
    "canonical": "شركة سما ماسا التجارية",
    "count": 8,
    "aliases": [
      "شركة سما ماسا التجارية"
    ]
  },
  {
    "canonical": "شركة الهدا للمقاولات المحدودة",
    "count": 8,
    "aliases": [
      "شركة الهدا للمقاولات المحدودة"
    ]
  },
  {
    "canonical": "شركة البيت العربي للتجارة",
    "count": 8,
    "aliases": [
      "شركة البيت العربي للتجارة"
    ]
  },
  {
    "canonical": "شركة سقالة للرعاية الصحية",
    "count": 8,
    "aliases": [
      "شركة سقالة للرعاية الصحية"
    ]
  },
  {
    "canonical": "شركة مكتب الكمال للاستيراد المحدودة",
    "count": 7,
    "aliases": [
      "شركة مكتب الكمال للإستيراد المحدودة",
      "شركة مكتب الكمال للاستيراد المحدودة"
    ]
  },
  {
    "canonical": "شركة الصالحية التجارية",
    "count": 7,
    "aliases": [
      "شركة الصالحية التجارية"
    ]
  },
  {
    "canonical": "شركة الامين للتجهيزات الطبية والعلمية",
    "count": 6,
    "aliases": [
      "شركة الأمين للتجهيزات الطبية والعلمية"
    ]
  },
  {
    "canonical": "شركة الجيل الطبية والتجارية المحدودة",
    "count": 6,
    "aliases": [
      "شركة الجيل الطبية والتجارية المحدودة"
    ]
  },
  {
    "canonical": "شركة سمير للتجارة والتسويق",
    "count": 5,
    "aliases": [
      "شركة سمير للتجارة والتسويق"
    ]
  },
  {
    "canonical": "شركة جيل الادارة الحديثة للتجارة",
    "count": 5,
    "aliases": [
      "شركة جيل الإدارة الحديثة للتجارة"
    ]
  },
  {
    "canonical": "شركة لوازم الدولية الطبية",
    "count": 5,
    "aliases": [
      "شركة لوازم الدولية الطبية"
    ]
  },
  {
    "canonical": "شركة الفيصلية للانظمة الطبية",
    "count": 5,
    "aliases": [
      "شركة الفيصلية للأنظمة الطبية",
      "شركة الفيصلية للانظمة الطبية"
    ]
  },
  {
    "canonical": "شركة ميدترونيك العربية السعودية",
    "count": 4,
    "aliases": [
      "شركة ميدترونيك العربية السعودية"
    ]
  },
  {
    "canonical": "شركة التوريدات والخدمات الطبية المحدودة",
    "count": 4,
    "aliases": [
      "شركة التوريدات والخدمات الطبية المحدودة"
    ]
  },
  {
    "canonical": "شركة هدانيا للتجارة والمقاولات",
    "count": 4,
    "aliases": [
      "شركة هدانيا للتجارة والمقاولات"
    ]
  },
  {
    "canonical": "شركة كومل",
    "count": 4,
    "aliases": [
      "شركة كومل"
    ]
  },
  {
    "canonical": "الشركة العربية للوازم الطبية",
    "count": 4,
    "aliases": [
      "الشركة العربية للوازم الطبية"
    ]
  },
  {
    "canonical": "شركة الجيل الطبية والتجارية",
    "count": 4,
    "aliases": [
      "شركة الجيل الطبية والتجارية"
    ]
  },
  {
    "canonical": "شركة عصر التقنية الطبية",
    "count": 4,
    "aliases": [
      "شركة عصر التقنية الطبية"
    ]
  },
  {
    "canonical": "شركة الجراحة المتقدمة للمستلزمات الطبية",
    "count": 4,
    "aliases": [
      "شركة الجراحة المتقدمة للمستلزمات الطبية"
    ]
  },
  {
    "canonical": "شركة عبد الرحمن القصيبي للتجارة العامة",
    "count": 3,
    "aliases": [
      "شركة عبد الرحمن القصيبي للتجارة العامة"
    ]
  },
  {
    "canonical": "شركة ثبات للانشاءات المحدودة",
    "count": 3,
    "aliases": [
      "شركة ثبات للإنشاءات المحدودة"
    ]
  },
  {
    "canonical": "شركة مجموعة المرشد القابضة",
    "count": 3,
    "aliases": [
      "شركة مجموعة المرشد القابضة"
    ]
  },
  {
    "canonical": "شركة النظائر المشعة التجارية",
    "count": 3,
    "aliases": [
      "شركة النظائر المشعة التجارية"
    ]
  },
  {
    "canonical": "شركة عبدالله فؤاد للوازم والخدمات الطبية",
    "count": 3,
    "aliases": [
      "شركة عبدالله فؤاد للوازم  والخدمات الطبية",
      "شركة عبدالله فؤاد للوازم والخدمات الطبية"
    ]
  },
  {
    "canonical": "شركة احمد محمد عبدالوهاب ناغي واولاده",
    "count": 3,
    "aliases": [
      "شركة أحمد محمد عبدالوهاب ناغي وأولاده"
    ]
  },
  {
    "canonical": "مؤسسة رصان للتجارة",
    "count": 3,
    "aliases": [
      "مؤسسة رصان للتجارة"
    ]
  },
  {
    "canonical": "شركة زمو التجارية المحدودة",
    "count": 3,
    "aliases": [
      "شركة زمو التجارية المحدودة"
    ]
  },
  {
    "canonical": "شركة نافكو السعودية لانظمة الاطفاء",
    "count": 3,
    "aliases": [
      "شركة نافكو السعودية لأنظمة الإطفاء",
      "شركة نافكو السعودية لإنظمة الإطفاء"
    ]
  },
  {
    "canonical": "شركة جمال عبد الفتاح جارودي للمقاولات",
    "count": 3,
    "aliases": [
      "شركة جمال عبد الفتاح جارودي للمقاولات"
    ]
  },
  {
    "canonical": "الشركة السعودية العالمية للتجارة المحدودة ستكوفارما",
    "count": 3,
    "aliases": [
      "الشركة السعودية العالمية للتجارة المحدودة ستكوفارما"
    ]
  },
  {
    "canonical": "شركة مكتب الكمال للاستيراد المحدودة وبناء علي توصية الادارة المستفيدة",
    "count": 3,
    "aliases": [
      "شركة مكتب الكمال للإستيراد المحدودة وبناء على توصية الإدارة المستفيدة."
    ]
  },
  {
    "canonical": "شركة الحياة الطبية",
    "count": 3,
    "aliases": [
      "شركة الحياة الطبية"
    ]
  },
  {
    "canonical": "شركة ال سالم لتكييف الهواء",
    "count": 2,
    "aliases": [
      "شركة آل سالم لتكييف الهواء"
    ]
  },
  {
    "canonical": "شركة تقنية المياة والبيئة المحدودة",
    "count": 2,
    "aliases": [
      "شركة تقنية المياة والبيئة المحدودة"
    ]
  },
  {
    "canonical": "شركة بعد للاتصالات السلكية واللاسلكية",
    "count": 2,
    "aliases": [
      "شركة بعد للإتصالات السلكية واللاسلكية",
      "شركة بعد للاتصالات السلكية واللاسلكية"
    ]
  },
  {
    "canonical": "شركة الكحيمي للانظمة الالكترونية المتقدمة",
    "count": 2,
    "aliases": [
      "شركة الكحيمي للأنظمة الالكترونية المتقدمة"
    ]
  },
  {
    "canonical": "شركة عطية للمعدات الطبية",
    "count": 2,
    "aliases": [
      "شركة عطية للمعدات الطبية"
    ]
  },
  {
    "canonical": "مؤسسة مدار القوس للتطوير والتقنية",
    "count": 2,
    "aliases": [
      "مؤسسة مدار القوس للتطوير والتقنية"
    ]
  },
  {
    "canonical": "شركة روعة الافاق للتجارة",
    "count": 2,
    "aliases": [
      "شركة روعة الآفاق للتجارة",
      "شركة روعة الافاق للتجارة"
    ]
  },
  {
    "canonical": "شركة كوني اريكو المحدودة",
    "count": 2,
    "aliases": [
      "شركة كوني أريكو المحدودة"
    ]
  },
  {
    "canonical": "الشركة السعودية المتطورة لخدمات الكلي المحدودة",
    "count": 2,
    "aliases": [
      "الشركة السعودية المتطورة لخدمات الكلى المحدودة"
    ]
  },
  {
    "canonical": "شركة رضا للاستثمار المحدودة",
    "count": 2,
    "aliases": [
      "شركة رضا للإستثمار المحدودة",
      "شركة رضا للاستثمار المحدودة"
    ]
  },
  {
    "canonical": "شركة بعد للاتصالات السلكية والاسلكية المحدودة",
    "count": 2,
    "aliases": [
      "شركة بعد للإتصالات السلكية والاسلكية المحدودة"
    ]
  },
  {
    "canonical": "شركة جيل الثمانينات للدعاية والاعلان",
    "count": 2,
    "aliases": [
      "شركة جيل الثمانينات للدعاية والإعلان",
      "شركة جيل الثمانينات للدعاية والاعلان"
    ]
  },
  {
    "canonical": "مؤسسة البيت العربي للتجارة",
    "count": 2,
    "aliases": [
      "مؤسسة البيت العربي للتجارة"
    ]
  },
  {
    "canonical": "شركة بعد للاتصالات السلكية واللاسلكية المحدودة",
    "count": 2,
    "aliases": [
      "شركة بعد للاتصالات السلكية واللاسلكية المحدودة"
    ]
  },
  {
    "canonical": "شركة العرض المتقن للخدمات التجارية",
    "count": 2,
    "aliases": [
      "شركة العرض المتقن للخدمات التجارية"
    ]
  },
  {
    "canonical": "الشركة السعودية العالمية للتجارة المحدودة ستكو فارما",
    "count": 2,
    "aliases": [
      "الشركة السعودية العالمية للتجارة المحدودة ستكو فارما"
    ]
  },
  {
    "canonical": "مؤسسات سقالة التجارية",
    "count": 2,
    "aliases": [
      "مؤسسات سقالة التجارية"
    ]
  },
  {
    "canonical": "شركة ريم الوسط للتجارة",
    "count": 2,
    "aliases": [
      "شركة ريم الوسط للتجارة"
    ]
  },
  {
    "canonical": "شركة دراجر العربية المحدودة",
    "count": 2,
    "aliases": [
      "شركة دراجر العربية المحدودة"
    ]
  },
  {
    "canonical": "شركة مصنع جمجوم للصناعات الطبية المحدودة",
    "count": 2,
    "aliases": [
      "شركة مصنع جمجوم للصناعات الطبية المحدودة"
    ]
  },
  {
    "canonical": "شركة دار المعدات الطبية والعلمية",
    "count": 2,
    "aliases": [
      "شركة دار المعدات الطبية والعلمية"
    ]
  },
  {
    "canonical": "شركة توريدات الخليج للانظمة الاحيائية",
    "count": 2,
    "aliases": [
      "شركة توريدات الخليج للأنظمة الأحيائية",
      "شركة توريدات الخليج للأنظمة الاحيائية"
    ]
  },
  {
    "canonical": "شركة لانا الطبية ذات مسؤولية محدودة",
    "count": 2,
    "aliases": [
      "شركة لانا الطبية ذات مسؤولية محدودة"
    ]
  },
  {
    "canonical": "شركة الدار الدولية للاستشارات الهندسية",
    "count": 2,
    "aliases": [
      "شركة الدار الدولية للاستشارات الهندسية"
    ]
  },
  {
    "canonical": "شركة سمنان للتشغيل والصيانة",
    "count": 2,
    "aliases": [
      "شركة سمنان للتشغيل والصيانة"
    ]
  },
  {
    "canonical": "الشركة السعودية للحاسبات الالكترونية المحدودة",
    "count": 2,
    "aliases": [
      "الشركة السعودية للحاسبات الالكترونية المحدودة"
    ]
  },
  {
    "canonical": "شركة روابط للحلول الصحية المحدودة",
    "count": 2,
    "aliases": [
      "شركة روابط للحلول الصحية المحدودة"
    ]
  },
  {
    "canonical": "شركة رؤية القوي للمصاعد",
    "count": 2,
    "aliases": [
      "شركة رؤية القوى للمصاعد"
    ]
  },
  {
    "canonical": "SCHINDLER OLAYAN ELEVATOR CO LTD",
    "count": 2,
    "aliases": [
      "(SCHINDLER OLAYAN ELEVATOR CO. LTD)",
      "(SCHINDLER OLAYAN ELEVATOR CO. LTD.)"
    ]
  },
  {
    "canonical": "مؤسسة انظمة النيزك الهندسية العالمية",
    "count": 2,
    "aliases": [
      "مؤسسة أنظمة النيزك الهندسية العالمية"
    ]
  },
  {
    "canonical": "شركة الرياض المالية",
    "count": 2,
    "aliases": [
      "شركة الرياض المالية"
    ]
  },
  {
    "canonical": "مؤسسة نخبة الحلول الذكية للمعدات",
    "count": 2,
    "aliases": [
      "مؤسسة نخبة الحلول الذكية للمعدات"
    ]
  },
  {
    "canonical": "شركة وكالة نحو الحوار للدعاية والاعلان",
    "count": 2,
    "aliases": [
      "شركة وكالة نحو الحوار للدعاية والإعلان"
    ]
  },
  {
    "canonical": "مؤسسة بدر سعود العمري للمقاولات",
    "count": 2,
    "aliases": [
      "مؤسسة بدر سعود العمري للمقاولات"
    ]
  },
  {
    "canonical": "شركة السحابة لخدمات الاعمال",
    "count": 2,
    "aliases": [
      "شركة السحابة لخدمات الأعمال"
    ]
  },
  {
    "canonical": "شركة الخليج الطبية",
    "count": 2,
    "aliases": [
      "شركة الخليج الطبية"
    ]
  },
  {
    "canonical": "شركة عبد الرحمن القصيبي للتجارة العامة المحدودة بناء علي طلب الشركة، وموافقة الادارة المستفيدة",
    "count": 2,
    "aliases": [
      "شركة عبد الرحمن القصيبي للتجارة العامة المحدودة بناء على طلب الشركة، وموافقة الإدارة المستفيدة."
    ]
  },
  {
    "canonical": "الشركة العربية الطبية",
    "count": 2,
    "aliases": [
      "الشركة العربية الطبية"
    ]
  },
  {
    "canonical": "شركة رنين الطبية للتجارة",
    "count": 2,
    "aliases": [
      "شركة رنين الطبية للتجارة"
    ]
  },
  {
    "canonical": "شركة سيكلي السعودية",
    "count": 2,
    "aliases": [
      "شركة سيكلي السعودية"
    ]
  },
  {
    "canonical": "مؤسسة السالمية العربية للتجارة",
    "count": 2,
    "aliases": [
      "مؤسسة السالمية العربية للتجارة"
    ]
  },
  {
    "canonical": "مؤسسة بيت الرياض",
    "count": 2,
    "aliases": [
      "مؤسسة بيت الرياض"
    ]
  },
  {
    "canonical": "شركة البيت العربي للتجارة وبناء علي توصية ادارة المشتريات",
    "count": 2,
    "aliases": [
      "شركة البيت العربي للتجارة وبناء على توصية إدارة المشتريات."
    ]
  },
  {
    "canonical": "شركة الشقران للتكييف والاعمال الكهروميكانيكية والمقاولات",
    "count": 2,
    "aliases": [
      "شركة الشقران للتكييف والأعمال الكهروميكانيكية والمقاولات"
    ]
  },
  {
    "canonical": "شركة عطيه للمعدات الطبية",
    "count": 2,
    "aliases": [
      "شركة عطيه للمعدات الطبية"
    ]
  },
  {
    "canonical": "شركة جنرال الكتريك العربية للرعاية الصحية المحدودة",
    "count": 2,
    "aliases": [
      "شركة جنرال الكتريك العربية للرعاية الصحية المحدودة"
    ]
  },
  {
    "canonical": "مؤسسة اللغات المتعددة للترجمة",
    "count": 2,
    "aliases": [
      "مؤسسة اللغات المتعددة للترجمة"
    ]
  },
  {
    "canonical": "شركة الاشغال المحدودة",
    "count": 2,
    "aliases": [
      "شركة الأشغال المحدودة"
    ]
  },
  {
    "canonical": "مؤسسة انجم للمقاولات العامة",
    "count": 2,
    "aliases": [
      "مؤسسة انجم للمقاولات العامة"
    ]
  },
  {
    "canonical": "شركة المسمك التجارية",
    "count": 2,
    "aliases": [
      "شركة المسمك التجارية"
    ]
  },
  {
    "canonical": "شركة مهارة التشييد للمقاولات",
    "count": 2,
    "aliases": [
      "شركة مهارة التشييد للمقاولات"
    ]
  },
  {
    "canonical": "شركة حبال العربي للمقاولات",
    "count": 1,
    "aliases": [
      "شركة حبال العربي للمقاولات"
    ]
  },
  {
    "canonical": "شركة الغاز والتصنيع الاهليه",
    "count": 1,
    "aliases": [
      "شركة الغاز والتصنيع الأهليه"
    ]
  },
  {
    "canonical": "شركة البراهين للاستشارات الهندسية",
    "count": 1,
    "aliases": [
      "شركة البراهين للاستشارات الهندسية"
    ]
  },
  {
    "canonical": "شركة فيض التقنية للتجارة",
    "count": 1,
    "aliases": [
      "شركة فيض التقنية للتجارة"
    ]
  },
  {
    "canonical": "مؤسسة بيئة الابداع للمقاولات",
    "count": 1,
    "aliases": [
      "مؤسسة بيئة الإبداع للمقاولات"
    ]
  },
  {
    "canonical": "شركة التميمي للخدمات والصيانة العالمية",
    "count": 1,
    "aliases": [
      "شركة التميمي للخدمات والصيانة العالمية"
    ]
  },
  {
    "canonical": "شركة سنا الهندسة للطاقة",
    "count": 1,
    "aliases": [
      "شركة سنا الهندسة للطاقة"
    ]
  },
  {
    "canonical": "شركة اليخت للتسويق",
    "count": 1,
    "aliases": [
      "شركة اليخت للتسويق"
    ]
  },
  {
    "canonical": "شركة بيت الرياض الجريسي",
    "count": 1,
    "aliases": [
      "شركة بيت الرياض الجريسي"
    ]
  },
  {
    "canonical": "شركة افراس للتجارة والمقاولات بالتضامن مع شركة سياخ الوطن للخدمات الامنية",
    "count": 1,
    "aliases": [
      "شركة أفراس للتجارة والمقاولات بالتضامن مع شركة سياخ الوطن للخدمات الأمنية"
    ]
  },
  {
    "canonical": "شركة فيرون المحدودة",
    "count": 1,
    "aliases": [
      "شركة فيرون المحدودة"
    ]
  },
  {
    "canonical": "شركة الانظمة التقدمية السعودية",
    "count": 1,
    "aliases": [
      "شركة الأنظمة التقدمية السعودية"
    ]
  },
  {
    "canonical": "شركة سمنس للرعاية الصحية المحدودة",
    "count": 1,
    "aliases": [
      "شركة سمنس للرعاية الصحية المحدودة"
    ]
  },
  {
    "canonical": "شركة دار الزهراوي للاجهزة الطبية",
    "count": 1,
    "aliases": [
      "شركة دار الزهراوي للأجهزة الطبية"
    ]
  },
  {
    "canonical": "شركة قبس الطاقة المحدودة",
    "count": 1,
    "aliases": [
      "شركة قبس الطاقة المحدودة"
    ]
  },
  {
    "canonical": "بوسطن كونسلتينغ جروب انترناشيونال انك،",
    "count": 1,
    "aliases": [
      "بوسطن كونسلتينغ جروب انترناشيونال انك،"
    ]
  },
  {
    "canonical": "الشركة العربية للاثاث والتصميم المحدودة",
    "count": 1,
    "aliases": [
      "الشركة العربية للأثاث والتصميم المحدودة"
    ]
  },
  {
    "canonical": "شركة شبكات الانجاز للالكترونيات",
    "count": 1,
    "aliases": [
      "شركة شبكات الإنجاز للإلكترونيات"
    ]
  },
  {
    "canonical": "شركة هيف حسين القحطاني للمقاولات",
    "count": 1,
    "aliases": [
      "شركة هيف حسين القحطاني للمقاولات"
    ]
  },
  {
    "canonical": "شركة جيل الادارة الحديثة",
    "count": 1,
    "aliases": [
      "شركة جيل الإدارة الحديثة"
    ]
  },
  {
    "canonical": "شركة روابط المصادرللتجارة",
    "count": 1,
    "aliases": [
      "شركة روابط المصادرللتجارة"
    ]
  },
  {
    "canonical": "الشركة العربية لخدمات الانترنت والاتصالات",
    "count": 1,
    "aliases": [
      "الشركة العربية لخدمات الإنترنت والإتصالات"
    ]
  },
  {
    "canonical": "شركة بروتيفيتي ممبر فيرم السعودية",
    "count": 1,
    "aliases": [
      "شركة بروتيفيتي ممبر فيرم السعودية"
    ]
  },
  {
    "canonical": "شركة فرحان التجارية المحدودة",
    "count": 1,
    "aliases": [
      "شركة فرحان التجارية المحدودة"
    ]
  },
  {
    "canonical": "شركة الميمنة للمقاولات",
    "count": 1,
    "aliases": [
      "شركة الميمنة للمقاولات"
    ]
  },
  {
    "canonical": "شركة النظرة المستقبلية للتجارة",
    "count": 1,
    "aliases": [
      "شركة النظرة المستقبلية للتجارة"
    ]
  },
  {
    "canonical": "شركة جمال عبدالفتاح الجارودي للمقاولات",
    "count": 1,
    "aliases": [
      "شركة جمال عبدالفتاح الجارودي للمقاولات"
    ]
  },
  {
    "canonical": "الشركه العربيه لتصنيع المنتجات الطبيه",
    "count": 1,
    "aliases": [
      "الشركه العربيه لتصنيع المنتجات الطبيه"
    ]
  },
  {
    "canonical": "شركة صروح المدن للمقاولات العامة",
    "count": 1,
    "aliases": [
      "شركة صروح المدن للمقاولات العامة"
    ]
  },
  {
    "canonical": "شركة لانا الطبيه",
    "count": 1,
    "aliases": [
      "شركة لانا الطبيه"
    ]
  },
  {
    "canonical": "شركة الرعاية الممتازة الطبيه",
    "count": 1,
    "aliases": [
      "شركة الرعاية الممتازة الطبيه"
    ]
  },
  {
    "canonical": "شركة اجيد الطبية شركة شخص واحد",
    "count": 1,
    "aliases": [
      "شركة أجيد الطبية شركة شخص واحد"
    ]
  },
  {
    "canonical": "الشركة الدولية لاغذية الاطفال",
    "count": 1,
    "aliases": [
      "الشركة الدولية لأغذية الأطفال"
    ]
  },
  {
    "canonical": "شركة دار الزهراوي للتجهيزات الطبيه",
    "count": 1,
    "aliases": [
      "شركة دار الزهراوي للتجهيزات الطبيه"
    ]
  },
  {
    "canonical": "شركة التحاليل الشاملة للخدمات الطبية",
    "count": 1,
    "aliases": [
      "شركة التحاليل الشاملة للخدمات الطبية"
    ]
  },
  {
    "canonical": "مؤسسة روابي الطبيعية الطبية",
    "count": 1,
    "aliases": [
      "مؤسسة روابي الطبيعية الطبية"
    ]
  },
  {
    "canonical": "شركة داياجنوستيك العربية السعودية للتجارة",
    "count": 1,
    "aliases": [
      "شركة داياجنوستيك العربية السعودية للتجارة"
    ]
  },
  {
    "canonical": "Advanced Laboratory Services Company",
    "count": 1,
    "aliases": [
      "Advanced Laboratory Services Company"
    ]
  },
  {
    "canonical": "الفيصلية للانظمة الطبية",
    "count": 1,
    "aliases": [
      "الفيصلية للانظمة الطبية"
    ]
  },
  {
    "canonical": "شركة الجيلالطبية والتجارية المحدودة",
    "count": 1,
    "aliases": [
      "شركة الجيلالطبية والتجارية المحدودة"
    ]
  },
  {
    "canonical": "مستودع رواد العالم للادوية",
    "count": 1,
    "aliases": [
      "مستودع رواد العالم للإدوية"
    ]
  },
  {
    "canonical": "شركة بوستن ساينتفك الخليجية للتجارة",
    "count": 1,
    "aliases": [
      "شركة بوستن ساينتفك الخليجية للتجارة"
    ]
  },
  {
    "canonical": "شركة ار اس ام المحاسبون المتحدون للاستشارات المهنية",
    "count": 1,
    "aliases": [
      "شركة ار اس ام المحاسبون المتحدون للاستشارات المهنية"
    ]
  },
  {
    "canonical": "مؤسسة اسناد للحراسات الامنية",
    "count": 1,
    "aliases": [
      "مؤسسة اسناد للحراسات الأمنية"
    ]
  },
  {
    "canonical": "مؤسسة اختيار الطب",
    "count": 1,
    "aliases": [
      "مؤسسة اختيار الطب"
    ]
  },
  {
    "canonical": "شركة مياه لتقنية المياه والبيئة",
    "count": 1,
    "aliases": [
      "شركة مياه لتقنية المياه والبيئة"
    ]
  },
  {
    "canonical": "شركة منتدي البناء للمقاولات",
    "count": 1,
    "aliases": [
      "شركة منتدى البناء للمقاولات"
    ]
  },
  {
    "canonical": "شركة مجموعة زيد الحسين واخوانه للمقاولات",
    "count": 1,
    "aliases": [
      "شركة مجموعة زيد الحسين واخوانه للمقاولات"
    ]
  },
  {
    "canonical": "شركة المشورة الصافية التجارية",
    "count": 1,
    "aliases": [
      "شركة المشورة الصافية التجارية"
    ]
  },
  {
    "canonical": "شركة اطياف الطب",
    "count": 1,
    "aliases": [
      "شركة اطياف الطب"
    ]
  },
  {
    "canonical": "شركة الورق الصحي المحدودة",
    "count": 1,
    "aliases": [
      "شركة الورق الصحي المحدودة"
    ]
  },
  {
    "canonical": "شركة فاروق وملامون تمر وشركاهما",
    "count": 1,
    "aliases": [
      "شركة فاروق وملأمون تمر وشركاهما"
    ]
  },
  {
    "canonical": "شركة حصن الامارات التجارية",
    "count": 1,
    "aliases": [
      "شركة حصن الإمارات التجارية"
    ]
  },
  {
    "canonical": "شركة فيلبس العربية السعودية للرعاية الصحية",
    "count": 1,
    "aliases": [
      "شركة فيلبس العربية السعودية للرعاية الصحية"
    ]
  },
  {
    "canonical": "شركة جنات العرب",
    "count": 1,
    "aliases": [
      "شركة جنات العرب"
    ]
  },
  {
    "canonical": "شركة شركة برومديك السعودية",
    "count": 1,
    "aliases": [
      "شركة شركة برومديك السعودية"
    ]
  },
  {
    "canonical": "شركة جيل التجارة الحديثة للتجارة",
    "count": 1,
    "aliases": [
      "شركة جيل التجارة الحديثة للتجارة"
    ]
  },
  {
    "canonical": "شركة المعمر لانظمة المعلومات",
    "count": 1,
    "aliases": [
      "شركة المعمر لأنظمة المعلومات"
    ]
  },
  {
    "canonical": "AHMED YAHYA ALYAMI TRADING EST",
    "count": 1,
    "aliases": [
      "(AHMED YAHYA AL-YAMI TRADING EST)"
    ]
  },
  {
    "canonical": "Gulf Execution Company Ltd",
    "count": 1,
    "aliases": [
      "(Gulf Execution Company Ltd)"
    ]
  },
  {
    "canonical": "شركة SCHINDLER OLAYAN ELEVATOR CO LTD",
    "count": 1,
    "aliases": [
      "شركة (SCHINDLER OLAYAN ELEVATOR CO. LTD)"
    ]
  },
  {
    "canonical": "شركة زهير فايز ومشاركوه للاستشارات",
    "count": 1,
    "aliases": [
      "شركة زهير فايز ومشاركوه للاستشارات"
    ]
  },
  {
    "canonical": "شركة كراكر للمقاولات",
    "count": 1,
    "aliases": [
      "شركة كراكر للمقاولات"
    ]
  },
  {
    "canonical": "شركة خبراء القيمة وشريكة للتقييم العقاري",
    "count": 1,
    "aliases": [
      "شركة خبراء القيمة وشريكة للتقييم العقاري"
    ]
  },
  {
    "canonical": "شركة المستلزمات والخدمات الطبية المحدودة",
    "count": 1,
    "aliases": [
      "شركة المستلزمات والخدمات الطبية المحدودة"
    ]
  },
  {
    "canonical": "الشركة الوطنية للمنتجات الطبية",
    "count": 1,
    "aliases": [
      "الشركة الوطنية للمنتجات الطبية"
    ]
  },
  {
    "canonical": "شركة اجال السعودية للخدمات الصحية",
    "count": 1,
    "aliases": [
      "شركة أجال السعودية للخدمات الصحية"
    ]
  },
  {
    "canonical": "مؤسسة دار الفارابي للوازم الطبية",
    "count": 1,
    "aliases": [
      "مؤسسة دار الفارابي للوازم الطبية"
    ]
  },
  {
    "canonical": "شركة الصالحية للتجارة",
    "count": 1,
    "aliases": [
      "شركة الصالحية للتجارة"
    ]
  },
  {
    "canonical": "شركة مياه لتقنية المياة والبيئة",
    "count": 1,
    "aliases": [
      "شركة مياه لتقنية المياة والبيئة"
    ]
  },
  {
    "canonical": "شركة ابراهيم محمد العبود للتنمية",
    "count": 1,
    "aliases": [
      "شركة ابراهيم محمد العبود للتنمية"
    ]
  },
  {
    "canonical": "شركة اي واي لخدمات الاعمال",
    "count": 1,
    "aliases": [
      "شركة إي واي لخدمات الأعمال"
    ]
  },
  {
    "canonical": "مؤسسة اضواء الرحمة للمقاولات",
    "count": 1,
    "aliases": [
      "مؤسسة أضواء الرحمة للمقاولات"
    ]
  },
  {
    "canonical": "شركة الرعاية والتخطيط لتجهيز المستشفيات المحدودة",
    "count": 1,
    "aliases": [
      "شركة الرعاية والتخطيط لتجهيز المستشفيات المحدودة"
    ]
  },
  {
    "canonical": "شركة فاروق ومامون تمر وشركائهما",
    "count": 1,
    "aliases": [
      "شركة فاروق ومأمون تمر وشركائهما"
    ]
  },
  {
    "canonical": "شركة بيت الرياض",
    "count": 1,
    "aliases": [
      "شركة بيت الرياض"
    ]
  },
  {
    "canonical": "شركة منافع الصناعية المحدودة",
    "count": 1,
    "aliases": [
      "شركة منافع الصناعية المحدودة"
    ]
  },
  {
    "canonical": "شركة عبر العربية الطبية",
    "count": 1,
    "aliases": [
      "شركة عبر العربية الطبية"
    ]
  },
  {
    "canonical": "شركة الاصول الطبية التجارية",
    "count": 1,
    "aliases": [
      "شركة الاصول الطبية التجارية"
    ]
  },
  {
    "canonical": "شركة ايماس السعودية للمنتجات الطبية",
    "count": 1,
    "aliases": [
      "شركة ايماس السعودية للمنتجات الطبية"
    ]
  },
  {
    "canonical": "مصنع المحاليل الطبية",
    "count": 1,
    "aliases": [
      "مصنع المحاليل الطبية"
    ]
  },
  {
    "canonical": "شركة سيكلي السعودية للمعدات الطبية",
    "count": 1,
    "aliases": [
      "شركة سيكلي السعودية للمعدات الطبية"
    ]
  },
  {
    "canonical": "الشركة العربية لتصنيع المنتجات الطبية عنايه",
    "count": 1,
    "aliases": [
      "الشركة العربية لتصنيع المنتجات الطبية (عنايه)"
    ]
  },
  {
    "canonical": "شركة المدار العلمي لتجارة الاجهزة والمستلزمات الطبية",
    "count": 1,
    "aliases": [
      "شركة المدار العلمي لتجارة الأجهزة والمستلزمات الطبية"
    ]
  },
  {
    "canonical": "شركة سعد صالح السبتي وشركاؤه",
    "count": 1,
    "aliases": [
      "شركة سعد صالح السبتي وشركاؤه"
    ]
  },
  {
    "canonical": "الشركة السعودية للحاسبات الالكترونية",
    "count": 1,
    "aliases": [
      "الشركة السعودية للحاسبات الألكترونية"
    ]
  },
  {
    "canonical": "شركة دار الزهراوي للتجهيزات الطبية",
    "count": 1,
    "aliases": [
      "شركة دار الزهراوي للتجهيزات الطبية"
    ]
  },
  {
    "canonical": "شركة برومديك السعودية",
    "count": 1,
    "aliases": [
      "شركة برومديك السعودية"
    ]
  },
  {
    "canonical": "شركة عبد الله فؤاد للوازم والخدمات الطبية",
    "count": 1,
    "aliases": [
      "شركة عبد الله فؤاد للوازم والخدمات الطبية"
    ]
  },
  {
    "canonical": "شركة الرواق الاخضر للخدمات البيئية",
    "count": 1,
    "aliases": [
      "شركة الرواق الأخضر للخدمات البيئية"
    ]
  },
  {
    "canonical": "شركة الحلول الصحية المتقدمة المحدودة",
    "count": 1,
    "aliases": [
      "شركة الحلول الصحية المتقدمة المحدودة"
    ]
  },
  {
    "canonical": "مؤسسة بيت الرياض الجريسي",
    "count": 1,
    "aliases": [
      "مؤسسة بيت الرياض - الجريسي"
    ]
  },
  {
    "canonical": "SAUDI INTERNATIONAL TRAVEL COMPANY",
    "count": 1,
    "aliases": [
      "(SAUDI INTERNATIONAL TRAVEL COMPANY)"
    ]
  },
  {
    "canonical": "شركة محمد منصور الرميح للتجارة",
    "count": 1,
    "aliases": [
      "شركة محمد منصور الرميح للتجارة"
    ]
  },
  {
    "canonical": "مؤسسة عبد الرحمن عبد العزيز الحقباني للتجارة",
    "count": 1,
    "aliases": [
      "مؤسسة عبد الرحمن عبد العزيز الحقباني للتجارة"
    ]
  },
  {
    "canonical": "الشركة السعودية العالمية للتجارة",
    "count": 1,
    "aliases": [
      "الشركة السعودية العالمية للتجارة"
    ]
  },
  {
    "canonical": "شركة التوريدات والخدمات الطبية المحدودة مدي سيرف",
    "count": 1,
    "aliases": [
      "شركة التوريدات والخدمات الطبية المحدودة (مدي سيرف)"
    ]
  },
  {
    "canonical": "شركة رنين الطبية",
    "count": 1,
    "aliases": [
      "شركة رنين الطبية"
    ]
  },
  {
    "canonical": "شركة عبد الرحمن القصيبي للتجارة",
    "count": 1,
    "aliases": [
      "شركة عبد الرحمن القصيبي للتجارة"
    ]
  },
  {
    "canonical": "الشركة العالمية للتجارة والتقنية المعلوماتية",
    "count": 1,
    "aliases": [
      "الشركة العالمية للتجارة والتقنية المعلوماتية"
    ]
  },
  {
    "canonical": "شركة سعف طيبة للمقاولات",
    "count": 1,
    "aliases": [
      "شركة سعف طيبة للمقاولات"
    ]
  },
  {
    "canonical": "جيل الثمانينات للدعاية والاعلان",
    "count": 1,
    "aliases": [
      "جيل الثمانينات للدعاية والاعلان"
    ]
  },
  {
    "canonical": "شركة ابراهيم محمد العبود للتنمية والتطوير",
    "count": 1,
    "aliases": [
      "شركة إبراهيم محمد العبود للتنمية والتطوير"
    ]
  },
  {
    "canonical": "شركة بايوني التجارية",
    "count": 1,
    "aliases": [
      "شركة بايوني التجارية"
    ]
  },
  {
    "canonical": "شركة توريد للمعدات المحدودة",
    "count": 1,
    "aliases": [
      "شركة توريد للمعدات المحدودة"
    ]
  },
  {
    "canonical": "شركة رانا السعودية المحدودة",
    "count": 1,
    "aliases": [
      "شركة رانا السعودية المحدودة"
    ]
  },
  {
    "canonical": "Cerner Corporation",
    "count": 1,
    "aliases": [
      "(Cerner Corporation)"
    ]
  },
  {
    "canonical": "Cerner Middle East Ltd",
    "count": 1,
    "aliases": [
      "(Cerner Middle East Ltd)"
    ]
  },
  {
    "canonical": "Gartner Saudi Arabia Ltd",
    "count": 1,
    "aliases": [
      "(Gartner Saudi Arabia Ltd)"
    ]
  },
  {
    "canonical": "فندق المنهل كراون بلازا الرياض",
    "count": 1,
    "aliases": [
      "فندق المنهل كراون بلازا الرياض"
    ]
  },
  {
    "canonical": "Century Mechanical Systems Trading Est",
    "count": 1,
    "aliases": [
      "(Century Mechanical Systems Trading Est.)"
    ]
  },
  {
    "canonical": "شركة مجا الطبية للتجارة",
    "count": 1,
    "aliases": [
      "شركة مجا الطبية للتجارة"
    ]
  },
  {
    "canonical": "شركة الفا جاما التجارية",
    "count": 1,
    "aliases": [
      "شركة الفا جاما التجارية"
    ]
  },
  {
    "canonical": "مؤسسة الكيان المعماري للمقاولات العامة",
    "count": 1,
    "aliases": [
      "مؤسسة الكيان المعماري للمقاولات العامة"
    ]
  },
  {
    "canonical": "شركة الاسقمري التجارية",
    "count": 1,
    "aliases": [
      "شركة الاسقمري التجارية"
    ]
  },
  {
    "canonical": "شركة عبدالرحمن القصبي للتجارة العامة",
    "count": 1,
    "aliases": [
      "شركة عبدالرحمن القصبي للتجارة العامة"
    ]
  },
  {
    "canonical": "شركة فاروق مامون تمر وشركاه",
    "count": 1,
    "aliases": [
      "شركة فاروق مأمون تمر وشركاه"
    ]
  },
  {
    "canonical": "شركة التعامل التجارية",
    "count": 1,
    "aliases": [
      "شركة التعامل التجارية"
    ]
  },
  {
    "canonical": "شركة المهند للاجهزة الطبية والمخبرية",
    "count": 1,
    "aliases": [
      "شركة المهند للأجهزة الطبية والمخبرية"
    ]
  },
  {
    "canonical": "شركة الجيل الطبية والجارية المحدودة",
    "count": 1,
    "aliases": [
      "شركة الجيل الطبية والجارية المحدودة"
    ]
  },
  {
    "canonical": "الشركة السعودية المتطورة لخدمات الكلي",
    "count": 1,
    "aliases": [
      "الشركة السعودية المتطورة لخدمات الكلى"
    ]
  },
  {
    "canonical": "شركة روش التشخيصية العربية السعودية المحدودة",
    "count": 1,
    "aliases": [
      "شركة روش التشخيصية العربية السعودية المحدودة"
    ]
  },
  {
    "canonical": "شركة BOSTON ONCOLOGY ARABIA LIMITED،",
    "count": 1,
    "aliases": [
      "شركة (BOSTON ONCOLOGY ARABIA LIMITED)،"
    ]
  },
  {
    "canonical": "شركة اميركوم السعودية، وَذلك لانتهاء الغرض منه",
    "count": 1,
    "aliases": [
      "شركة أميركوم السعودية، وَذلك لإنتهاء الغرض منه."
    ]
  },
  {
    "canonical": "شركة اكسنتشر السعودية المحدودة",
    "count": 1,
    "aliases": [
      "شركة اكسنتشر السعودية المحدودة"
    ]
  },
  {
    "canonical": "شركة اعوام التقنية الدولية وبناء علي شهادة الاستلام النهائية",
    "count": 1,
    "aliases": [
      "شركة اعوام التقنية الدولية وبناء على شهادة الاستلام النهائية."
    ]
  },
  {
    "canonical": "شركة عبد الرحمن القصيبي للتجارة العامة المحدودة",
    "count": 1,
    "aliases": [
      "شركة عبد الرحمن القصيبي للتجارة العامة المحدودة"
    ]
  },
  {
    "canonical": "الشركة العليا السعودية لانطمة الحاسب الالي",
    "count": 1,
    "aliases": [
      "الشركة العليا السعودية لأنطمة الحاسب الآلي"
    ]
  },
  {
    "canonical": "شركة دار دلتا لتقنية المعلومات وبناء علي توصية الادارة المستفيدة",
    "count": 1,
    "aliases": [
      "شركة دار دلتا لتقنية المعلومات وبناء على توصية الإدارة المستفيدة."
    ]
  },
  {
    "canonical": "شركة كومل، نود التصحيح بان رقم الضمان المراد الافراخ عنه هو ضمان رقم M111929 وهو الذي تم تسليمكم اصله مع خطابنا المشار اليه اعلاه لانتهاء الغرض منه، وبناء علي توصية الادارة المستفيدة",
    "count": 1,
    "aliases": [
      "شركة كومل، نود التصحيح بأن رقم الضمان المراد الإفراخ عنه هو ضمان رقم (M111929) وهو الذي تم تسليمكم أصله مع خطابنا المشار اليه أعلاه لإنتهاء الغرض منه، وبناء على توصية الإدارة المستفيدة."
    ]
  },
  {
    "canonical": "شركة كومل وبناء علي توصية الادارة المستفيدة",
    "count": 1,
    "aliases": [
      "شركة كومل وبناء على توصية الإدارة المستفيدة."
    ]
  },
  {
    "canonical": "شركة الصغير للتجارة والمقاولات بناء علي توصية الادارة المستفيدة",
    "count": 1,
    "aliases": [
      "شركة الصغير للتجارة والمقاولات بناء على توصية الإدارة المستفيدة."
    ]
  },
  {
    "canonical": "شركة نجمة فواصل للتجارة والمقاولات المحدودة بناء علي توصية الادارة المستفيدة",
    "count": 1,
    "aliases": [
      "شركة نجمة فواصل للتجارة والمقاولات المحدودة بناء على توصية الإدارة المستفيدة."
    ]
  },
  {
    "canonical": "شركة سمنان للتشغيل والصيانة وبناء علي توصية الادارة المستفيدة",
    "count": 1,
    "aliases": [
      "شركة سمنان للتشغيل والصيانة وبناء على توصية الإدارة المستفيدة."
    ]
  },
  {
    "canonical": "شركة فاروق ومامون تمر وشركاهما وبناء علي توصية الادارة المستفيدة",
    "count": 1,
    "aliases": [
      "شركة فاروق ومأمون تمر وشركاهما وبناء على توصية الإدارة المستفيدة."
    ]
  },
  {
    "canonical": "شركة جمال عبد الفتاح الجارودي للمقاولات، وذلك بناء علي توصية شهادة الاستلام النهائية، ولانتهاء الغرض منه",
    "count": 1,
    "aliases": [
      "شركة جمال عبد الفتاح الجارودي للمقاولات، وذلك بناء على توصية شهادة الإستلام النهائية، ولإنتهاء الغرض منه."
    ]
  },
  {
    "canonical": "شركة سقالة للرعاية الصحية حسب",
    "count": 1,
    "aliases": [
      "شركة سقالة للرعاية الصحية حسب."
    ]
  },
  {
    "canonical": "شركة شبكات الانجاز للالكترونيات وبناء علي توصية الادارة المستفيدة",
    "count": 1,
    "aliases": [
      "شركة شبكات الإنجاز للالكترونيات وبناء على توصية الادارة المستفيدة."
    ]
  },
  {
    "canonical": "شركة مدارات للتقنية وبناء علي طلب الشركة وموافقة ادارة المشتريات",
    "count": 1,
    "aliases": [
      "شركة مدارات للتقنية وبناء على طلب الشركة وموافقة إدارة المشتريات."
    ]
  },
  {
    "canonical": "الشركة العامة للمعدات",
    "count": 1,
    "aliases": [
      "الشركة العامة للمعدات"
    ]
  },
  {
    "canonical": "مؤسسة القيم للتجارة",
    "count": 1,
    "aliases": [
      "مؤسسة القيم للتجارة"
    ]
  },
  {
    "canonical": "شركة زمو التجارية المحدودة وبناء علي توصية الادارة المستفيدة",
    "count": 1,
    "aliases": [
      "شركة زمو التجارية المحدودة وبناء على توصية الإدارة المستفيدة."
    ]
  },
  {
    "canonical": "مؤسسة دار نخبة الخليج وبناء علي توصية ادارة المشتريات",
    "count": 1,
    "aliases": [
      "مؤسسة دار نخبة الخليج وبناء على توصية إدارة المشتريات."
    ]
  },
  {
    "canonical": "شركة حلول امن المعلومات وبناء علي شهادة الاستلام النهائية",
    "count": 1,
    "aliases": [
      "شركة حلول أمن المعلومات وبناء على شهادة الاستلام النهائية."
    ]
  },
  {
    "canonical": "مجموعة السعيد للمقاولات وبناء علي توصية الادارة المستفيدة",
    "count": 1,
    "aliases": [
      "مجموعة السعيد للمقاولات وبناء على توصية الإدارة المستفيدة."
    ]
  },
  {
    "canonical": "شركة روش برودكتس العربية السعودية المحدودة",
    "count": 1,
    "aliases": [
      "شركة روش برودكتس العربية السعودية المحدودة"
    ]
  },
  {
    "canonical": "شركة سبيل الدواء التجارية",
    "count": 1,
    "aliases": [
      "شركة سبيل الدواء التجارية"
    ]
  },
  {
    "canonical": "شركة السحابة لخدمات الاعمال وبناء علي توصية الادارة المستفيدة",
    "count": 1,
    "aliases": [
      "شركة السحابة لخدمات الأعمال وبناء على توصية الإدارة المستفيدة."
    ]
  },
  {
    "canonical": "شركة شارك الخبرة للاستشارات المهنية وبناء علي توصية الادارة المستفيدة",
    "count": 1,
    "aliases": [
      "شركة شارك الخبرة للاستشارات المهنية وبناء على توصية الإدارة المستفيدة."
    ]
  },
  {
    "canonical": "شركة توريدات القمة للتجارة",
    "count": 1,
    "aliases": [
      "شركة توريدات القمة للتجارة"
    ]
  },
  {
    "canonical": "شركة فور برينسبلز مانجمنت كونسلتنج المحدودة",
    "count": 1,
    "aliases": [
      "شركة فور برينسبلز مانجمنت كونسلتنج المحدودة"
    ]
  },
  {
    "canonical": "شركة جمال عبدالفتاح الجارودي للمقاولات بناء علي توصية الادارة المستفيدة",
    "count": 1,
    "aliases": [
      "شركة جمال عبدالفتاح الجارودي للمقاولات بناء على توصية الإدارة المستفيدة."
    ]
  },
  {
    "canonical": "شركة VARIAN MEDICAL SYSTEMS ARABIA COMMERCIAL LIMITED بناء علي توصية الادارة المستفيدة",
    "count": 1,
    "aliases": [
      "شركة (VARIAN MEDICAL SYSTEMS ARABIA COMMERCIAL LIMITED) بناء على توصية الإدارة المستفيدة."
    ]
  },
  {
    "canonical": "شركة اكوميد السعودية المحدودة",
    "count": 1,
    "aliases": [
      "شركة أكوميد السعودية المحدودة"
    ]
  },
  {
    "canonical": "شركة Sagittarius Marketing Kent limited بناء علي توصية الادارة المستفيدة",
    "count": 1,
    "aliases": [
      "شركة Sagittarius Marketing (Kent) limited بناء على توصية الإدارة المستفيدة."
    ]
  },
  {
    "canonical": "شركة هوني ويل التركي العربية المحدودة",
    "count": 1,
    "aliases": [
      "شركة هوني ويل التركي العربية المحدودة"
    ]
  },
  {
    "canonical": "شركة دايفرسي السعودية المحدودة",
    "count": 1,
    "aliases": [
      "شركة دايفرسي السعودية المحدودة"
    ]
  },
  {
    "canonical": "شركة ارنست ويونغ للخدمات المهنية",
    "count": 1,
    "aliases": [
      "شركة إرنست ويونغ للخدمات المهنية"
    ]
  },
  {
    "canonical": "شركة MC Saatchi Group",
    "count": 1,
    "aliases": [
      "شركة (M&C Saatchi Group)"
    ]
  },
  {
    "canonical": "شركة تطوير العلاخ العالمية المحدودة",
    "count": 1,
    "aliases": [
      "شركة تطوير العلاخ العالمية المحدودة"
    ]
  },
  {
    "canonical": "شركة مصنع الخليج لفلاتر الهواء",
    "count": 1,
    "aliases": [
      "شركة مصنع الخليج لفلاتر الهواء"
    ]
  },
  {
    "canonical": "مُستشفي الملك فيصل التّخصّصيّ ومركز الابحاث فرع الرياض",
    "count": 1,
    "aliases": [
      "مُستشفى الملك فيصل التّخصّصيّ ومركز الأبحاث فرع الرياض."
    ]
  },
  {
    "canonical": "شركة مدارات للتقنية",
    "count": 1,
    "aliases": [
      "شركة مدارات للتقنية"
    ]
  },
  {
    "canonical": "مُؤسسة صالح مقبل الملحم للنقليات",
    "count": 1,
    "aliases": [
      "مُؤسسة صالح مقبل الملحم للنقليات"
    ]
  },
  {
    "canonical": "شركة اميركوم السعودية، وذلك بناء علي توصية شهادة الاستلام النهائية، ولانتهاء الغرض منه",
    "count": 1,
    "aliases": [
      "شركة اميركوم السعودية، وذلك بناء على توصية شهادة الإستلام النهائية، ولإنتهاء الغرض منه."
    ]
  },
  {
    "canonical": "شركة اكستنشر السعودية المحدودة",
    "count": 1,
    "aliases": [
      "شركة اكستنشر السعودية المحدودة"
    ]
  },
  {
    "canonical": "شركة ال سالم جونسون كنترولز يورك",
    "count": 1,
    "aliases": [
      "شركة آل سالم جونسون كنترولز (يورك)"
    ]
  },
  {
    "canonical": "شركة المثلث التقني الكامل",
    "count": 1,
    "aliases": [
      "شركة المثلث التقني الكامل"
    ]
  },
  {
    "canonical": "شركة بوسطن كونسلتينغ جروب انترناشيونال انك،",
    "count": 1,
    "aliases": [
      "شركة بوسطن كونسلتينغ جروب انترناشيونال انك،"
    ]
  },
  {
    "canonical": "مؤسسة روافد طيبة للمقاولات العامة",
    "count": 1,
    "aliases": [
      "مؤسسة روافد طيبة للمقاولات العامة"
    ]
  },
  {
    "canonical": "شركة بيتا للاجهزه العلميه المحدودة",
    "count": 1,
    "aliases": [
      "شركة بيتا للأجهزه العلميه المحدودة"
    ]
  },
  {
    "canonical": "شركة محيط الاعمال التجارية",
    "count": 1,
    "aliases": [
      "شركة محيط الأعمال التجارية"
    ]
  },
  {
    "canonical": "شركة مصنع فلاتر الصحراء فرع الشركة العالمية للالمنيوم",
    "count": 1,
    "aliases": [
      "شركة مصنع فلاتر الصحراء فرع الشركة العالمية للالمنيوم"
    ]
  },
  {
    "canonical": "شركة التنمية المعلوماتية للتجارة",
    "count": 1,
    "aliases": [
      "شركة التنمية المعلوماتية للتجارة"
    ]
  },
  {
    "canonical": "شركة ابراهيم محمد المانع واخوانه",
    "count": 1,
    "aliases": [
      "شركة ابراهيم محمد المانع واخوانه"
    ]
  },
  {
    "canonical": "شركة فيوليا ووتر تكنولوجيز السعودية المحدودة",
    "count": 1,
    "aliases": [
      "شركة فيوليا ووتر تكنولوجيز السعودية المحدودة"
    ]
  },
  {
    "canonical": "شركة رضا التجارية لتطوير المعدات والالات المحدودة",
    "count": 1,
    "aliases": [
      "شركة رضا التجارية لتطوير المعدات والآلات المحدودة"
    ]
  },
  {
    "canonical": "شركة مكنزي وشركائه المحدودة",
    "count": 1,
    "aliases": [
      "شركة مكنزي وشركائه المحدودة"
    ]
  },
  {
    "canonical": "شركة HAY GROUP SAUDI ARABIA المحدودة",
    "count": 1,
    "aliases": [
      "شركة (HAY GROUP SAUDI ARABIA) المحدودة"
    ]
  },
  {
    "canonical": "شركة فيليبس العربية السعودية للرعاية الصحية",
    "count": 1,
    "aliases": [
      "شركة فيليبس العربية السعودية للرعاية الصحية"
    ]
  },
  {
    "canonical": "شركة شركة روعة الافاق للتجارة",
    "count": 1,
    "aliases": [
      "شركة شركة روعة الآفاق للتجارة"
    ]
  },
  {
    "canonical": "شركة الفيصلية للانظمة الامنية",
    "count": 1,
    "aliases": [
      "شركة الفيصلية للإنظمة الأمنية"
    ]
  },
  {
    "canonical": "شركة حسن عبدالرؤوف العاوور وشريكة",
    "count": 1,
    "aliases": [
      "شركة حسن عبدالرؤوف العاوور وشريكة"
    ]
  },
  {
    "canonical": "الشركة الاساسية للاكترونيات المحدودة",
    "count": 1,
    "aliases": [
      "الشركة الاساسية للإكترونيات المحدودة"
    ]
  },
  {
    "canonical": "شركة انماط العمار للبناء المحدودة",
    "count": 1,
    "aliases": [
      "شركة أنماط العمار للبناء المحدودة"
    ]
  },
  {
    "canonical": "مؤسسة ارزاق السعودية للتجارة",
    "count": 1,
    "aliases": [
      "مؤسسة ارزاق السعودية للتجارة"
    ]
  },
  {
    "canonical": "شركة ايه اي اس العربية المحدودة",
    "count": 1,
    "aliases": [
      "شركة أيه أي اس العربية المحدودة"
    ]
  },
  {
    "canonical": "شركة تدارك الانشائية للمقاولات",
    "count": 1,
    "aliases": [
      "شركة تدارك الإنشائية للمقاولات"
    ]
  },
  {
    "canonical": "شركة شارك الخبرة للاستشارات المهنية",
    "count": 1,
    "aliases": [
      "شركة شارك الخبرة للإستشارات المهنية"
    ]
  },
  {
    "canonical": "شركة التوريدات النوعية التجارية",
    "count": 1,
    "aliases": [
      "شركة التوريدات النوعية التجارية"
    ]
  },
  {
    "canonical": "الشركة العامة للمعدات والتجارة",
    "count": 1,
    "aliases": [
      "الشركة العامة للمعدات والتجارة"
    ]
  },
  {
    "canonical": "شركة ناجية عبد اللطيف جميل لتقنية الحاسب الالي",
    "count": 1,
    "aliases": [
      "شركة ناجية عبد اللطيف جميل لتقنية الحاسب الآلي"
    ]
  },
  {
    "canonical": "شركة العثيم المتحدة",
    "count": 1,
    "aliases": [
      "شركة العثيم المتحدة"
    ]
  },
  {
    "canonical": "مؤسسة سياج الوطن للحراسات الامنية",
    "count": 1,
    "aliases": [
      "مؤسسة سياج الوطن للحراسات الأمنية"
    ]
  },
  {
    "canonical": "شركة التميمي للصيانة والخدمات العالمية",
    "count": 1,
    "aliases": [
      "شركة التميمي للصيانة والخدمات العالمية"
    ]
  },
  {
    "canonical": "PHILIPS HEALTHCARE SAUDIA ARABIA",
    "count": 1,
    "aliases": [
      "(PHILIPS HEALTHCARE SAUDIA ARABIA)"
    ]
  },
  {
    "canonical": "شركة داتيكس العربيه المحدوده",
    "count": 1,
    "aliases": [
      "شركة داتيكس العربيه المحدوده"
    ]
  },
  {
    "canonical": "شركة ال سالم يورك للخدمات المحدودة",
    "count": 1,
    "aliases": [
      "شركة ال سالم يورك للخدمات المحدودة"
    ]
  },
  {
    "canonical": "شركة رزيق عبد الله سعيد الجدراوي الثبيتي وشركاؤه",
    "count": 1,
    "aliases": [
      "شركة رزيق عبد الله سعيد الجدراوي الثبيتي وشركاؤه"
    ]
  },
  {
    "canonical": "شركة زهير فايز ومشاركوه",
    "count": 1,
    "aliases": [
      "شركة زهير فايز ومشاركوه"
    ]
  },
  {
    "canonical": "شركة علوم الشبكة للاتصالات",
    "count": 1,
    "aliases": [
      "شركة علوم الشبكة للاتصالات"
    ]
  },
  {
    "canonical": "SAUDICO ELECTRONIC SYSTEMS",
    "count": 1,
    "aliases": [
      "(SAUDICO ELECTRONIC SYSTEMS)"
    ]
  },
  {
    "canonical": "شركة الراشد للتقنية والطاقة",
    "count": 1,
    "aliases": [
      "شركة الراشد للتقنية والطاقة"
    ]
  },
  {
    "canonical": "زيمر بيوميت اصل العربية المحدودة",
    "count": 1,
    "aliases": [
      "زيمر بيوميت اصل العربية المحدودة"
    ]
  },
  {
    "canonical": "بوسطن كونسلتينق جروب انترناشيونال انك",
    "count": 1,
    "aliases": [
      "بوسطن كونسلتينق جروب انترناشيونال انك"
    ]
  },
  {
    "canonical": "شركة لانا الطبية",
    "count": 1,
    "aliases": [
      "شركة لانا الطبية"
    ]
  },
  {
    "canonical": "شركة عبدالله هاشم للمعدات والغازات الصناعية المحدودة",
    "count": 1,
    "aliases": [
      "شركة عبدالله هاشم للمعدات والغازات الصناعية المحدودة"
    ]
  },
  {
    "canonical": "SAUDICO ELECTRONIC TRADING CONTRACTING COM LTD",
    "count": 1,
    "aliases": [
      "(SAUDICO ELECTRONIC TRADING CONTRACTING COM. LTD)"
    ]
  },
  {
    "canonical": "فرع شركة رزيق عبد الله سعيد الجدراوي الثبيتي وشركاؤه",
    "count": 1,
    "aliases": [
      "فرع شركة رزيق عبد الله سعيد الجدراوي الثبيتي وشركاؤه"
    ]
  },
  {
    "canonical": "شركة درع التطوير للتجارة",
    "count": 1,
    "aliases": [
      "شركة درع التطوير للتجارة"
    ]
  },
  {
    "canonical": "شركة المعدات والخدمات الفنية ايتكس",
    "count": 1,
    "aliases": [
      "شركة المعدات والخدمات الفنية (ايتكس)"
    ]
  },
  {
    "canonical": "شركة الجيل الطبية التجارية المحدودة",
    "count": 1,
    "aliases": [
      "شركة الجيل الطبية التجارية المحدودة"
    ]
  },
  {
    "canonical": "شركة عبدالرحمن القصيبي للتجارة",
    "count": 1,
    "aliases": [
      "شركة عبدالرحمن القصيبي للتجارة"
    ]
  },
  {
    "canonical": "شركة شندلر العليان للمصاعد",
    "count": 1,
    "aliases": [
      "شركة شندلر العليان للمصاعد"
    ]
  },
  {
    "canonical": "شركة انظمة الحاسب الالي العربي السعودية",
    "count": 1,
    "aliases": [
      "شركة أنظمة الحاسب الآلي العربي السعودية"
    ]
  },
  {
    "canonical": "شركة مصنع العنوان الاول للمياه المعدنية",
    "count": 1,
    "aliases": [
      "شركة مصنع العنوان الاول للمياه المعدنية"
    ]
  },
  {
    "canonical": "شركة سكلي السعودية وبناء علي توصية ادارة المشتريات",
    "count": 1,
    "aliases": [
      "شركة سكلي السعودية وبناء على توصية إدارة المشتريات."
    ]
  },
  {
    "canonical": "شركة زهير فايز للاستشارات المعمارية والهندسية",
    "count": 1,
    "aliases": [
      "شركة زهير فايز للاستشارات المعمارية والهندسية"
    ]
  },
  {
    "canonical": "شركة افق الخليج العالمية الطبية",
    "count": 1,
    "aliases": [
      "شركة أفق الخليج العالمية الطبية"
    ]
  }
]