{
  "version": 3,
  "updatedAt": "2025-11-22",
  "banks": [
    {
      "official": "مصرف الراجحي",
      "english": "Al Rajhi Bank",
      "short": [
        "alrajhi bank",
        "al rajhi",
        "rajhi",
        "alrajhi",
        "al-rajhi",
        "alrajhi bnk",
        "arajhi",
        "al raji",
        "الراجحي",
        "مصرف الراجحي",
        "rajhy",
        "alrajhy",
        "arajhy",
        "alraji",
        "alraji bank",
        "raji bank",
        "alraajhi",
        "rajhi bank",
        "raji"
      ]
    },
    {
      "official": "البنك الأهلي السعودي",
      "english": "Saudi National Bank (SNB)",
      "short": [
        "sncb",
        "snc",
        "ncb",
        "ahli",
        "ahli bank",
        "al ahli",
        "alahli bank",
        "saudi national bank",
        "national bank",
        "saudi national",
        "snb",
        "the national commercial bank",
        "البنك الاهلي",
        "البنك الأهلى",
        "الأهلي",
        "الاهلي",
        "n.c.b",
        "al ahli bank",
        "ahli Saudi",
        "البنك الأهلي السعودي",
        "البنك الاهلي السعودي"
      ]
    },
    {
      "official": "بنك الرياض",
      "english": "Riyad Bank",
      "short": [
        "riyad",
        "riyadh",
        "riyad bank",
        "riyadh bank",
        "ryad",
        "riyad bnk",
        "بنك الرياض",
        "الرياض",
        "ryd",
        "bank riyadh"
      ]
    },
    {
      "official": "البنك العربي الوطني",
      "english": "Arab National Bank",
      "short": [
        "anb",
        "a.n.b",
        "arab nat bank",
        "arab national bank",
        "arab national",
        "arab n bank",
        "al arab",
        "arab",
        "arabi",
        "العربي",
        "البنك العربي",
        "arab bank",
        "البنك العربي الوطني"
      ]
    },
    {
      "official": "بنك البلاد",
      "english": "Bank Albilad",
      "short": [
        "albilad",
        "bilad bank",
        "bank albilad",
        "bilad",
        "البلاد",
        "بنك البلاد",
        "al bilad",
        "albilad bank"
      ]
    },
    {
      "official": "بنك الجزيرة",
      "english": "Bank AlJazira",
      "short": [
        "jazira",
        "jazira bank",
        "bank aljazira",
        "aljazira",
        "al jazira",
        "aljazira bank",
        "الجزيرة",
        "بنك الجزيرة"
      ]
    },
    {
      "official": "البنك السعودي للاستثمار",
      "english": "Saudi Investment Bank (SAIB)",
      "short": [
        "saib",
        "saib bank",
        "saudi investment bank",
        "استثمار",
        "بنك الاستثمار",
        "investment bank",
        "saudi investment",
        "s a i b",
        "البنك السعودي للإستثمار",
        "البنك السعودي للاستثمار"
      ]
    },
    {
      "official": "بنك الخليج الدولي",
      "english": "Gulf International Bank (GIB)",
      "short": [
        "gib",
        "gib bank",
        "gulf intl bank",
        "bank gulf international",
        "الخليج",
        "الخليج الدولي",
        "gulf international bank",
        "gulf bank",
        "g.i.b"
      ]
    },
    {
      "official": "بنك الإمارات دبي الوطني",
      "english": "Emirates NBD",
      "short": [
        "emirates nbd",
        "nbd",
        "dubai emirates bank",
        "emirates bank",
        "بنك الامارات",
        "الامارات دبي الوطني",
        "dubai bank",
        "بنك الإمارات دبي الوطني",
        "بنك الامارات دبي الوطني"
      ]
    },
    {
      "official": "بنك المشرق",
      "english": "Mashreq Bank",
      "short": [
        "mashreq",
        "mashrek",
        "mashriq",
        "mashreq bank",
        "المشرق",
        "بنك المشرق",
        "mashreq",
        "mashrek",
        "mashriq",
        "mashreq bank"
      ]
    },
    {
      "official": "مصرف الإنماء",
      "english": "Alinma Bank",
      "short": [
        "alinma",
        "al inma",
        "inma",
        "inma bank",
        "alinma bank",
        "مصرف الإنماء",
        "مصرف الانماء"
      ]
    },
    {
      "official": "البنك السعودي الفرنسي",
      "english": "Banque Saudi Fransi (BSF)",
      "short": [
        "banque saudi fransi",
        "saudi fransi",
        "fransi",
        "banque fransi",
        "bsf",
        "البنك السعودي الفرنسي",
        "السعودي الفرنسي"
      ]
    },
    {
      "official": "بنك أبوظبي الأول",
      "english": "First Abu Dhabi Bank (FAB)",
      "short": [
        "fab",
        "f.a.b",
        "abu dhabi bank",
        "first abu dhabi"
      ]
    },
    {
      "official": "بنك أبوظبي التجاري",
      "english": "ADCB Bank",
      "short": [
        "adcb",
        "a.d.c.b",
        "abu dhabi commercial bank"
      ]
    },
    {
      "official": "بنك دبي الإسلامي",
      "english": "Dubai Islamic Bank (DIB)",
      "short": [
        "dib",
        "dubai islamic",
        "islamic bank"
      ]
    },
    {
      "official": "بنك قطر الوطني",
      "english": "Qatar National Bank (QNB)",
      "short": [
        "qnb",
        "qatar national bank",
        "q.n.b"
      ]
    },
    {
      "official": "بنك الدوحة",
      "english": "Doha Bank",
      "short": [
        "doha",
        "doha bank"
      ]
    },
    {
      "official": "بنك الكويت الوطني",
      "english": "National Bank of Kuwait (NBK)",
      "short": [
        "nbk",
        "kuwait national bank",
        "n.b.k"
      ]
    },
    {
      "official": "بيت التمويل الكويتي",
      "english": "Kuwait Finance House (KFH)",
      "short": [
        "kfh",
        "finance house",
        "k.f.h"
      ]
    },
    {
      "official": "بنك البحرين الوطني",
      "english": "National Bank of Bahrain (NBB)",
      "short": [
        "nbb",
        "bahrain national bank",
        "بنك البحرين الوطني",
        "bahrain bank",
        "n.b.b",
        "national bank bahrain",
        "bahrain national"
      ]
    },
    {
      "official": "بنك البحرين الإسلامي",
      "english": "BisB - Bahrain Islamic Bank",
      "short": [
        "bisb",
        "bahrain islamic bank",
        "b.i.s.b"
      ]
    },
    {
      "official": "البنك الأهلي المتحد",
      "english": "Ahli United Bank (AUB)",
      "short": [
        "aub",
        "ahli united",
        "ahli utd bank"
      ]
    },
    {
      "official": "بنك مسقط",
      "english": "Bank Muscat",
      "short": [
        "muscat",
        "bank muscat"
      ]
    },
    {
      "official": "بنك ظفار",
      "english": "Bank Dhofar",
      "short": [
        "dhofar",
        "bank dhofar"
      ]
    },
    {
      "official": "البنك الوطني العماني",
      "english": "National Bank of Oman (NBO)",
      "short": [
        "nbo",
        "oman national bank"
      ]
    },
    {
      "official": "سيتي بنك",
      "english": "Citibank",
      "short": [
        "citi",
        "citibank",
        "city bank",
        "citi bank"
      ]
    },
    {
      "official": "جي بي مورغان",
      "english": "JP Morgan Chase",
      "short": [
        "jpm",
        "jp morgan",
        "morgan bank"
      ]
    },
    {
      "official": "إتش إس بي سي",
      "english": "HSBC",
      "short": [
        "hsbc",
        "h.s.b.c",
        "hsbc bank"
      ]
    },
    {
      "official": "بنك باركليز",
      "english": "Barclays Bank",
      "short": [
        "barclays",
        "barclay bank",
        "barclays bank"
      ]
    },
    {
      "official": "ستاندرد تشارترد",
      "english": "Standard Chartered Bank",
      "short": [
        "scb",
        "standard chartered",
        "std chartered"
      ]
    },
    {
      "official": "دويتشه بنك",
      "english": "Deutsche Bank",
      "short": [
        "deutsche bank",
        "german bank",
        "deutsche",
        "دويتشة بنك"
      ]
    },
    {
      "official": "بنك أوف أمريكا",
      "english": "Bank of America",
      "short": [
        "boa",
        "b.o.a",
        "bank of america"
      ]
    },
    {
      "official": "ويلز فارجو",
      "english": "Wells Fargo",
      "short": [
        "wells fargo",
        "wells",
        "fargo"
      ]
    },
    {
      "official": "بنك أوف طوكيو",
      "english": "Bank of Tokyo Mitsubishi",
      "short": [
        "botm",
        "tokyo bank",
        "bank of tokyo"
      ]
    },
    {
      "official": "بنك الصين",
      "english": "Bank of China (BOC)",
      "short": [
        "boc",
        "bank of china",
        "china bank"
      ]
    },
    {
      "official": "البنك الزراعي الصيني",
      "english": "Agricultural Bank of China (ABC)",
      "short": [
        "abc",
        "agricultural bank",
        "agribank"
      ]
    },
    {
      "official": "البنك الصناعي والتجاري الصيني",
      "english": "ICBC",
      "short": [
        "icbc",
        "i.c.b.c",
        "china industrial bank"
      ]
    },
    {
      "official": "البنك السعودي الاول",
      "english": "Saudi Awwal Bank (SAB)",
      "short": [
        "البنك السعودي الأول",
        "sabb",
        "sab",
        "s.a.b",
        "sabb bank",
        "البريطاني",
        "ساب",
        "بنك ساب",
        "البنك السعودي البريطاني",
        "saudi british bank",
        "sabb ksa",
        "saudi awwal bank",
        "awwal bank",
        "al awwal"
      ]
    },
    {
      "official": "بنك الخليج الدولي السعودية",
      "short": [
        "بنك الخليج الدولي - السعودية"
      ]
    },
    {
      "official": "بنك بي ان بي باريبا السعودية",
      "short": [
        "بنك بي ان بي باريبا السعودية"
      ]
    },
    {
      "official": "بنك الكويت الوطني السعودية",
      "short": [
        "بنك الكويت الوطني - السعودية"
      ]
    },
    {
      "official": "فرع بنك ستاندرد تشارتدرد السعودية",
      "short": [
        "فرع بنك ستاندرد تشارتدرد - السعودية"
      ]
    },
    {
      "official": "جي بي مورغان تشيز بنك السعودية",
      "short": [
        "جي بي مورغان تشيز بنك - السعودية"
      ]
    },
    {
      "official": "بنك بي ان بي باريبا السعودية",
      "english": "BNP Paribas Saudi Arabia",
      "short": [
        "bnp paribas",
        "bnp",
        "بي ان بي باريبا",
        "بنك بي ان بي باريبا",
        "بي ان بي باريبا السعودية",
        "paribas",
        "bnp paribas ksa",
        "bnp paribas saudi"
      ]
    }
  ]
}
